mtllib gagri.mtl
o gagri
v 0.220381 -0.611546 -0
v 0.5 0.003616 0
v 0.178292 -0.611546 -0.129537
v 0.5 0.003616 0
v 0.404508 0.003616 -0.293893
v 0.178292 -0.611546 -0.129537
v 0.404508 0.003616 -0.293893
v 0.5 0.003616 0
v 0 0.003616 0
v 0.178292 -0.611546 -0.129537
v 0.404508 0.003616 -0.293893
v 0.068101 -0.611546 -0.209595
v 0.404508 0.003616 -0.293893
v 0.154509 0.003616 -0.475528
v 0.068101 -0.611546 -0.209595
v 0.154509 0.003616 -0.475528
v 0.404508 0.003616 -0.293893
v 0 0.003616 0
v 0.068101 -0.611546 -0.209595
v 0.154509 0.003616 -0.475528
v -0.068101 -0.611546 -0.209595
v 0.154509 0.003616 -0.475528
v -0.154509 0.003616 -0.475528
v -0.068101 -0.611546 -0.209595
v -0.154509 0.003616 -0.475528
v 0.154509 0.003616 -0.475528
v 0 0.003616 0
v -0.154509 0.003616 -0.475528
v -0.404509 0.003616 -0.293893
v -0.150053 -0.611546 -0.150053
v -0.150053 -0.611546 -0.150053
v -0.404509 0.003616 -0.293893
v -0.178292 -0.611546 -0.129537
v -0.068101 -0.611546 -0.209595
v -0.154509 0.003616 -0.475528
v -0.150053 -0.611546 -0.150053
v -0.404509 0.003616 -0.293893
v -0.154509 0.003616 -0.475528
v 0 0.003616 0
v -0.178292 -0.611546 -0.129537
v -0.404509 0.003616 -0.293893
v -0.220381 -0.611546 -0
v -0.404509 0.003616 -0.293893
v -0.5 0.003616 0
v -0.220381 -0.611546 -0
v -0.5 0.003616 0
v -0.404509 0.003616 -0.293893
v 0 0.003616 0
v -0.220381 -0.611546 -0
v -0.5 0.003616 0
v -0.178292 -0.611546 0.129537
v -0.5 0.003616 0
v -0.404508 0.003616 0.293893
v -0.178292 -0.611546 0.129537
v -0.404508 0.003616 0.293893
v -0.5 0.003616 0
v 0 0.003616 0
v -0.178292 -0.611546 0.129537
v -0.404508 0.003616 0.293893
v -0.068101 -0.611546 0.209595
v -0.404508 0.003616 0.293893
v -0.154509 0.003616 0.475528
v -0.068101 -0.611546 0.209595
v -0.154509 0.003616 0.475528
v -0.404508 0.003616 0.293893
v 0 0.003616 0
v -0.068101 -0.611546 0.209595
v -0.154509 0.003616 0.475528
v 0.068102 -0.611546 0.209595
v -0.154509 0.003616 0.475528
v 0.154509 0.003616 0.475528
v 0.068102 -0.611546 0.209595
v 0.154509 0.003616 0.475528
v -0.154509 0.003616 0.475528
v 0 0.003616 0
v 0.154509 0.003616 0.475528
v 0.404508 0.003616 0.293893
v 0.150053 -0.611546 0.150053
v 0.150053 -0.611546 0.150053
v 0.404508 0.003616 0.293893
v 0.178292 -0.611546 0.129537
v 0.068102 -0.611546 0.209595
v 0.154509 0.003616 0.475528
v 0.150053 -0.611546 0.150053
v 0.404508 0.003616 0.293893
v 0.154509 0.003616 0.475528
v 0 0.003616 0
v 0.178292 -0.611546 0.129537
v 0.404508 0.003616 0.293893
v 0.220381 -0.611546 -0
v 0.404508 0.003616 0.293893
v 0.5 0.003616 0
v 0.220381 -0.611546 -0
v 0.5 0.003616 0
v 0.404508 0.003616 0.293893
v 0 0.003616 0
v 0.068101 -0.611546 -0.209595
v -0.068101 -0.611546 -0.209595
v 0.178292 -0.611546 -0.129537
v -0.150053 -0.611546 -0.150053
v 0.178292 -0.611546 -0.129537
v -0.068101 -0.611546 -0.209595
v 0.150053 -0.611546 0.150053
v 0.178292 -0.611546 0.129537
v -0.150053 -0.611546 -0.150053
v -0.150053 -0.611546 -0.150053
v 0.178292 -0.611546 0.129537
v 0.178292 -0.611546 -0.129537
v 0.178292 -0.611546 0.129537
v 0.220381 -0.611546 -0
v 0.178292 -0.611546 -0.129537
v -0.178292 -0.611546 -0.129537
v 0.150053 -0.611546 0.150053
v -0.150053 -0.611546 -0.150053
v -0.220381 -0.611546 -0
v -0.178292 -0.611546 0.129537
v -0.178292 -0.611546 -0.129537
v -0.068101 -0.611546 0.209595
v 0.068102 -0.611546 0.209595
v -0.178292 -0.611546 0.129537
v 0.150053 -0.611546 0.150053
v -0.178292 -0.611546 -0.129537
v -0.178292 -0.611546 0.129537
v 0.068102 -0.611546 0.209595
v 0.150053 -0.611546 0.150053
v -0.178292 -0.611546 0.129537
v 0.199424 0.306176 -0
v 0.5 0.0056 -0
v 0.189664 0.306176 0.061625
v 0.5 0.0056 -0
v 0.475528 0.0056 0.154509
v 0.189664 0.306176 0.061625
v 0.475528 0.0056 0.154509
v 0.5 0.0056 -0
v 0 0.0056 0
v 0.189664 0.306176 0.061625
v 0.475528 0.0056 0.154509
v 0.161337 0.306176 0.117218
v 0.475528 0.0056 0.154509
v 0.404509 0.0056 0.293893
v 0.161337 0.306176 0.117218
v 0.404509 0.0056 0.293893
v 0.475528 0.0056 0.154509
v 0 0.0056 0
v 0.161337 0.306176 0.117218
v 0.404509 0.0056 0.293893
v 0.141421 0.303107 0.141421
v 0.404509 0.0056 0.293893
v 0.117218 0.306176 0.161337
v 0.141421 0.303107 0.141421
v 0.144453 0.306176 0.134103
v 0.161337 0.306176 0.117218
v 0.141421 0.303107 0.141421
v 0.141421 0.303107 0.141421
v 0.117218 0.306176 0.161337
v 0.134103 0.306176 0.144453
v 0.404509 0.0056 0.293893
v 0.293893 0.0056 0.404509
v 0.117218 0.306176 0.161337
v 0.293893 0.0056 0.404509
v 0.404509 0.0056 0.293893
v 0 0.0056 0
v 0.117218 0.306176 0.161337
v 0.293893 0.0056 0.404509
v 0.061625 0.306176 0.189663
v 0.293893 0.0056 0.404509
v 0.154508 0.0056 0.475528
v 0.061625 0.306176 0.189663
v 0.154508 0.0056 0.475528
v 0.293893 0.0056 0.404509
v 0 0.0056 0
v 0.061625 0.306176 0.189663
v 0.154508 0.0056 0.475528
v -0 0.306176 0.199424
v 0.154508 0.0056 0.475528
v 0 0.0056 0.5
v -0 0.306176 0.199424
v 0 0.0056 0.5
v 0.154508 0.0056 0.475528
v 0 0.0056 0
v -0 0.306176 0.199424
v 0 0.0056 0.5
v -0.061625 0.306176 0.189664
v 0 0.0056 0.5
v -0.154509 0.0056 0.475528
v -0.061625 0.306176 0.189664
v -0.154509 0.0056 0.475528
v 0 0.0056 0.5
v 0 0.0056 0
v -0.061625 0.306176 0.189664
v -0.154509 0.0056 0.475528
v -0.117218 0.306176 0.161337
v -0.154509 0.0056 0.475528
v -0.293893 0.0056 0.404509
v -0.117218 0.306176 0.161337
v -0.293893 0.0056 0.404509
v -0.154509 0.0056 0.475528
v 0 0.0056 0
v -0.293893 0.0056 0.404509
v -0.404509 0.0056 0.293893
v -0.141421 0.303107 0.141421
v -0.141421 0.303107 0.141421
v -0.404509 0.0056 0.293893
v -0.161337 0.306176 0.117218
v -0.141421 0.303107 0.141421
v -0.161337 0.306176 0.117218
v -0.144453 0.306176 0.134103
v -0.134103 0.306176 0.144453
v -0.117218 0.306176 0.161337
v -0.141421 0.303107 0.141421
v -0.117218 0.306176 0.161337
v -0.293893 0.0056 0.404509
v -0.141421 0.303107 0.141421
v -0.404509 0.0056 0.293893
v -0.293893 0.0056 0.404509
v 0 0.0056 0
v -0.161337 0.306176 0.117218
v -0.404509 0.0056 0.293893
v -0.189663 0.306176 0.061625
v -0.404509 0.0056 0.293893
v -0.475528 0.0056 0.154509
v -0.189663 0.306176 0.061625
v -0.475528 0.0056 0.154509
v -0.404509 0.0056 0.293893
v 0 0.0056 0
v -0.189663 0.306176 0.061625
v -0.475528 0.0056 0.154509
v -0.199424 0.306176 0
v -0.475528 0.0056 0.154509
v -0.5 0.0056 -0
v -0.199424 0.306176 0
v -0.5 0.0056 -0
v -0.475528 0.0056 0.154509
v 0 0.0056 0
v -0.199424 0.306176 0
v -0.5 0.0056 -0
v -0.189663 0.306176 -0.061625
v -0.5 0.0056 -0
v -0.475528 0.0056 -0.154508
v -0.189663 0.306176 -0.061625
v -0.475528 0.0056 -0.154508
v -0.5 0.0056 -0
v 0 0.0056 0
v -0.189663 0.306176 -0.061625
v -0.475528 0.0056 -0.154508
v -0.161337 0.306176 -0.117218
v -0.475528 0.0056 -0.154508
v -0.404508 0.0056 -0.293893
v -0.161337 0.306176 -0.117218
v -0.404508 0.0056 -0.293893
v -0.475528 0.0056 -0.154508
v 0 0.0056 0
v -0.161337 0.306176 -0.117218
v -0.404508 0.0056 -0.293893
v -0.141421 0.303107 -0.141421
v -0.404508 0.0056 -0.293893
v -0.117219 0.306176 -0.161337
v -0.141421 0.303107 -0.141421
v -0.144453 0.306176 -0.134103
v -0.161337 0.306176 -0.117218
v -0.141421 0.303107 -0.141421
v -0.141421 0.303107 -0.141421
v -0.117219 0.306176 -0.161337
v -0.134103 0.306176 -0.144453
v -0.404508 0.0056 -0.293893
v -0.293893 0.0056 -0.404508
v -0.117219 0.306176 -0.161337
v -0.293893 0.0056 -0.404508
v -0.404508 0.0056 -0.293893
v 0 0.0056 0
v -0.117219 0.306176 -0.161337
v -0.293893 0.0056 -0.404508
v -0.061625 0.306176 -0.189663
v -0.293893 0.0056 -0.404508
v -0.154509 0.0056 -0.475528
v -0.061625 0.306176 -0.189663
v -0.154509 0.0056 -0.475528
v -0.293893 0.0056 -0.404508
v 0 0.0056 0
v -0.061625 0.306176 -0.189663
v -0.154509 0.0056 -0.475528
v 0 0.306176 -0.199424
v -0.154509 0.0056 -0.475528
v -0 0.0056 -0.5
v 0 0.306176 -0.199424
v -0 0.0056 -0.5
v -0.154509 0.0056 -0.475528
v 0 0.0056 0
v 0 0.306176 -0.199424
v -0 0.0056 -0.5
v 0.061625 0.306176 -0.189663
v -0 0.0056 -0.5
v 0.154509 0.0056 -0.475528
v 0.061625 0.306176 -0.189663
v 0.154509 0.0056 -0.475528
v -0 0.0056 -0.5
v 0 0.0056 0
v 0.061625 0.306176 -0.189663
v 0.154509 0.0056 -0.475528
v 0.117219 0.306176 -0.161337
v 0.154509 0.0056 -0.475528
v 0.293893 0.0056 -0.404508
v 0.117219 0.306176 -0.161337
v 0.293893 0.0056 -0.404508
v 0.154509 0.0056 -0.475528
v 0 0.0056 0
v 0.293893 0.0056 -0.404508
v 0.404508 0.0056 -0.293893
v 0.141421 0.303107 -0.141421
v 0.141421 0.303107 -0.141421
v 0.404508 0.0056 -0.293893
v 0.161337 0.306176 -0.117218
v 0.141421 0.303107 -0.141421
v 0.161337 0.306176 -0.117218
v 0.144453 0.306176 -0.134103
v 0.134103 0.306176 -0.144453
v 0.117219 0.306176 -0.161337
v 0.141421 0.303107 -0.141421
v 0.117219 0.306176 -0.161337
v 0.293893 0.0056 -0.404508
v 0.141421 0.303107 -0.141421
v 0.404508 0.0056 -0.293893
v 0.293893 0.0056 -0.404508
v 0 0.0056 0
v 0.161337 0.306176 -0.117218
v 0.404508 0.0056 -0.293893
v 0.189663 0.306176 -0.061625
v 0.404508 0.0056 -0.293893
v 0.475528 0.0056 -0.154508
v 0.189663 0.306176 -0.061625
v 0.475528 0.0056 -0.154508
v 0.404508 0.0056 -0.293893
v 0 0.0056 0
v 0.189663 0.306176 -0.061625
v 0.475528 0.0056 -0.154508
v 0.199424 0.306176 -0
v 0.475528 0.0056 -0.154508
v 0.5 0.0056 -0
v 0.199424 0.306176 -0
v 0.5 0.0056 -0
v 0.475528 0.0056 -0.154508
v 0 0.0056 0
v 0.148801 0.306176 0.123606
v 0.161337 0.306176 0.117218
v 0.144453 0.306176 0.134103
v 0.117218 0.306176 0.161337
v -0 0.306176 0.199424
v 0.094614 0.306176 0.160809
v 0.094614 0.306176 0.160809
v 0.134103 0.306176 0.144453
v 0.117218 0.306176 0.161337
v 0.061625 0.306176 0.189663
v -0 0.306176 0.199424
v 0.117218 0.306176 0.161337
v 0.170411 0.306176 0.071435
v 0.189664 0.306176 0.061625
v 0.149908 0.306176 0.120932
v -0.041075 0.306176 0.182986
v -0.061625 0.306176 0.189664
v -0.045182 0.306176 0.181285
v 0.189664 0.306176 0.061625
v 0.161337 0.306176 0.117218
v 0.149908 0.306176 0.120932
v 0.149908 0.306176 0.120932
v 0.161337 0.306176 0.117218
v 0.148801 0.306176 0.123606
v -0 0.306176 0.199424
v -0.061625 0.306176 0.189664
v -0.041075 0.306176 0.182986
v -0.046807 0.306176 0.180612
v -0.061625 0.306176 0.189664
v -0.04831 0.306176 0.179989
v 0.199424 0.306176 -0
v 0.189664 0.306176 0.061625
v 0.180612 0.306176 0.046807
v -0.045182 0.306176 0.181285
v -0.061625 0.306176 0.189664
v -0.046807 0.306176 0.180612
v 0.180612 0.306176 0.046807
v 0.189664 0.306176 0.061625
v 0.170411 0.306176 0.071435
v -0.04831 0.306176 0.179989
v -0.061625 0.306176 0.189664
v -0.106511 0.306176 0.155882
v -0.061625 0.306176 0.189664
v -0.117218 0.306176 0.161337
v -0.106511 0.306176 0.155882
v -0.106511 0.306176 0.155882
v -0.117218 0.306176 0.161337
v -0.110225 0.306176 0.154344
v 0.154343 0.306176 -0.110225
v 0.161337 0.306176 -0.117218
v 0.160809 0.306176 -0.094614
v 0.161337 0.306176 -0.117218
v 0.199424 0.306176 -0
v 0.160809 0.306176 -0.094614
v -0.110983 0.306176 0.154029
v -0.117218 0.306176 0.161337
v -0.134103 0.306176 0.144453
v 0.144453 0.306176 -0.134103
v 0.161337 0.306176 -0.117218
v 0.154343 0.306176 -0.110225
v 0.161337 0.306176 -0.117218
v 0.189663 0.306176 -0.061625
v 0.199424 0.306176 -0
v -0.144453 0.306176 0.134103
v -0.161337 0.306176 0.117218
v -0.154029 0.306176 0.110983
v -0.189663 0.306176 0.061625
v -0.199424 0.306176 0
v -0.161337 0.306176 0.117218
v -0.148801 0.306176 -0.123606
v -0.161337 0.306176 -0.117218
v -0.144453 0.306176 -0.134103
v -0.117219 0.306176 -0.161337
v 0 0.306176 -0.199424
v -0.094614 0.306176 -0.160809
v -0.094614 0.306176 -0.160809
v -0.134103 0.306176 -0.144453
v -0.117219 0.306176 -0.161337
v -0.061625 0.306176 -0.189663
v 0 0.306176 -0.199424
v -0.117219 0.306176 -0.161337
v -0.170411 0.306176 -0.071435
v -0.189663 0.306176 -0.061625
v -0.149908 0.306176 -0.120932
v 0.041075 0.306176 -0.182986
v 0.061625 0.306176 -0.189663
v 0.045182 0.306176 -0.181285
v -0.189663 0.306176 -0.061625
v -0.161337 0.306176 -0.117218
v -0.149908 0.306176 -0.120932
v -0.149908 0.306176 -0.120932
v -0.161337 0.306176 -0.117218
v -0.148801 0.306176 -0.123606
v 0 0.306176 -0.199424
v 0.061625 0.306176 -0.189663
v 0.041075 0.306176 -0.182986
v 0.106511 0.306176 -0.155882
v 0.117219 0.306176 -0.161337
v 0.109809 0.306176 -0.154516
v -0.154344 0.306176 0.110225
v -0.161337 0.306176 0.117218
v -0.160809 0.306176 0.094614
v -0.161337 0.306176 0.117218
v -0.199424 0.306176 0
v -0.160809 0.306176 0.094614
v -0.199424 0.306176 0
v -0.189663 0.306176 -0.061625
v -0.180612 0.306176 -0.046807
v -0.180612 0.306176 -0.046807
v -0.189663 0.306176 -0.061625
v -0.172112 0.306176 -0.067328
v 0.106511 0.306176 -0.155882
v 0.103837 0.306176 -0.156989
v 0.117219 0.306176 -0.161337
v -0.172112 0.306176 -0.067328
v -0.189663 0.306176 -0.061625
v -0.170411 0.306176 -0.071435
v 0.061625 0.306176 -0.189663
v 0.117219 0.306176 -0.161337
v 0.046807 0.306176 -0.180612
v 0.046807 0.306176 -0.180612
v 0.117219 0.306176 -0.161337
v 0.103837 0.306176 -0.156989
v 0.045182 0.306176 -0.181285
v 0.061625 0.306176 -0.189663
v 0.046807 0.306176 -0.180612
v 0.109809 0.306176 -0.154516
v 0.117219 0.306176 -0.161337
v 0.134103 0.306176 -0.144453
v 0.142273 0.383373 0.139365
v 0.144453 0.306176 0.134103
v 0.141421 0.383489 0.141421
v 0.144453 0.306176 0.134103
v 0.141421 0.303107 0.141421
v 0.141421 0.383489 0.141421
v 0.143507 0.383206 0.136387
v 0.148801 0.306176 0.123606
v 0.142273 0.383373 0.139365
v 0.148801 0.306176 0.123606
v 0.144453 0.306176 0.134103
v 0.142273 0.383373 0.139365
v 0.149908 0.306176 0.120932
v 0.148801 0.306176 0.123606
v 0.143507 0.383206 0.136387
v 0.152963 0.381926 0.113556
v 0.180612 0.306176 0.046807
v 0.149845 0.382348 0.121085
v 0.180612 0.306176 0.046807
v 0.170411 0.306176 0.071435
v 0.149845 0.382348 0.121085
v 0.149845 0.382348 0.121085
v 0.170411 0.306176 0.071435
v 0.143823 0.383164 0.135623
v 0.170411 0.306176 0.071435
v 0.149908 0.306176 0.120932
v 0.143823 0.383164 0.135623
v 0.158825 0.381133 0.099406
v 0.199067 0.306176 0.002251
v 0.152963 0.381926 0.113556
v 0.199067 0.306176 0.002251
v 0.180612 0.306176 0.046807
v 0.152963 0.381926 0.113556
v 0.168871 0.379772 0.075152
v 0.199067 0.306176 0.002251
v 0.158825 0.381133 0.099406
v 0.2 0.384193 -0
v 0.199067 0.306176 0.002251
v 0.168871 0.379772 0.075152
v 0.2 0.384193 -0
v 0.2 0.3056 -0
v 0.199067 0.306176 0.002251
v 0.002251 0.306176 0.199067
v 0.000262 0.305667 0.199892
v 0.000073 0.383339 0.19997
v 0.028497 0.381209 0.188196
v 0.094614 0.306176 0.160809
v 0.001823 0.383208 0.199245
v 0.094614 0.306176 0.160809
v 0.006451 0.306176 0.197328
v 0.001823 0.383208 0.199245
v 0.001823 0.383208 0.199245
v 0.006451 0.306176 0.197328
v 0.000073 0.383339 0.19997
v 0.006451 0.306176 0.197328
v 0.002251 0.306176 0.199067
v 0.000073 0.383339 0.19997
v 0.057286 0.379052 0.176271
v 0.134103 0.306176 0.144453
v 0.041618 0.380226 0.182761
v 0.139352 0.383183 0.142279
v 0.134103 0.306176 0.144453
v 0.131171 0.381973 0.145667
v 0.134103 0.306176 0.144453
v 0.057286 0.379052 0.176271
v 0.131171 0.381973 0.145667
v 0.141421 0.383489 0.141421
v 0.141421 0.303107 0.141421
v 0.139352 0.383183 0.142279
v 0.141421 0.303107 0.141421
v 0.134103 0.306176 0.144453
v 0.139352 0.383183 0.142279
v 0.041618 0.380226 0.182761
v 0.134103 0.306176 0.144453
v 0.028497 0.381209 0.188196
v 0.134103 0.306176 0.144453
v 0.094614 0.306176 0.160809
v 0.028497 0.381209 0.188196
v -0.140701 0.303409 0.14172
v -0.142318 0.302731 0.14105
v -0.14166 0.38407 0.141323
v -0.139397 0.383853 0.14226
v -0.134103 0.306176 0.144453
v -0.141228 0.384029 0.141501
v -0.134103 0.306176 0.144453
v -0.140701 0.303409 0.14172
v -0.141228 0.384029 0.141501
v -0.046807 0.306176 0.180612
v -0.04831 0.306176 0.179989
v -0.113523 0.381378 0.152977
v -0.132605 0.383203 0.145073
v -0.110225 0.306176 0.154344
v -0.139397 0.383853 0.14226
v -0.110225 0.306176 0.154344
v -0.134103 0.306176 0.144453
v -0.139397 0.383853 0.14226
v -0.131521 0.3831 0.145522
v -0.106511 0.306176 0.155882
v -0.110225 0.306176 0.154344
v -0.131521 0.3831 0.145522
v -0.110225 0.306176 0.154344
v -0.132605 0.383203 0.145073
v -0.113523 0.381378 0.152977
v -0.04831 0.306176 0.179989
v -0.106511 0.306176 0.155882
v -0.113523 0.381378 0.152977
v -0.106511 0.306176 0.155882
v -0.131521 0.3831 0.145522
v -0.093201 0.379433 0.161395
v -0.002252 0.306176 0.199067
v -0.097769 0.37987 0.159503
v 0.000073 0.383339 0.19997
v -0.002252 0.306176 0.199067
v -0.020146 0.380761 0.191655
v -0.002252 0.306176 0.199067
v -0.093201 0.379433 0.161395
v -0.020146 0.380761 0.191655
v 0.000073 0.383339 0.19997
v 0.000262 0.305667 0.199892
v -0.002252 0.306176 0.199067
v -0.097769 0.37987 0.159503
v -0.002252 0.306176 0.199067
v -0.041075 0.306176 0.182986
v -0.097769 0.37987 0.159503
v -0.041075 0.306176 0.182986
v -0.111143 0.38115 0.153963
v -0.045182 0.306176 0.181285
v -0.046807 0.306176 0.180612
v -0.113032 0.38133 0.153181
v -0.111143 0.38115 0.153963
v -0.041075 0.306176 0.182986
v -0.045182 0.306176 0.181285
v -0.111143 0.38115 0.153963
v -0.045182 0.306176 0.181285
v -0.113032 0.38133 0.153181
v -0.199067 0.306176 0.002252
v -0.199892 0.305667 0.000262
v -0.199972 0.385302 0.000068
v -0.188539 0.382147 0.02767
v -0.160809 0.306176 0.094614
v -0.199292 0.385115 0.001708
v -0.160809 0.306176 0.094614
v -0.197328 0.306176 0.006451
v -0.199292 0.385115 0.001708
v -0.199292 0.385115 0.001708
v -0.197328 0.306176 0.006451
v -0.199972 0.385302 0.000068
v -0.197328 0.306176 0.006451
v -0.199067 0.306176 0.002252
v -0.199972 0.385302 0.000068
v -0.14166 0.38407 0.141323
v -0.141421 0.303107 0.141421
v -0.153743 0.38076 0.111676
v -0.153743 0.38076 0.111676
v -0.141421 0.303107 0.141421
v -0.182653 0.380844 0.041879
v -0.182653 0.380844 0.041879
v -0.141421 0.303107 0.141421
v -0.144453 0.306176 0.134103
v -0.182653 0.380844 0.041879
v -0.144453 0.306176 0.134103
v -0.183081 0.380845 0.040845
v -0.18629 0.381527 0.033098
v -0.154029 0.306176 0.110983
v -0.188539 0.382147 0.02767
v -0.154029 0.306176 0.110983
v -0.160809 0.306176 0.094614
v -0.188539 0.382147 0.02767
v -0.183081 0.380845 0.040845
v -0.144453 0.306176 0.134103
v -0.183826 0.380847 0.039047
v -0.144453 0.306176 0.134103
v -0.154029 0.306176 0.110983
v -0.183826 0.380847 0.039047
v -0.183826 0.380847 0.039047
v -0.154029 0.306176 0.110983
v -0.18629 0.381527 0.033098
v -0.142194 0.386197 -0.139557
v -0.144453 0.306176 -0.134103
v -0.141421 0.386435 -0.141421
v -0.144453 0.306176 -0.134103
v -0.141421 0.303107 -0.141421
v -0.141421 0.386435 -0.141421
v -0.143325 0.385848 -0.136825
v -0.148801 0.306176 -0.123606
v -0.142194 0.386197 -0.139557
v -0.148801 0.306176 -0.123606
v -0.144453 0.306176 -0.134103
v -0.142194 0.386197 -0.139557
v -0.149908 0.306176 -0.120932
v -0.148801 0.306176 -0.123606
v -0.143325 0.385848 -0.136825
v -0.149407 0.383972 -0.122143
v -0.170411 0.306176 -0.071435
v -0.143618 0.385757 -0.136118
v -0.170411 0.306176 -0.071435
v -0.149908 0.306176 -0.120932
v -0.143618 0.385757 -0.136118
v -0.152573 0.382996 -0.114499
v -0.180612 0.306176 -0.046807
v -0.14992 0.383814 -0.120903
v -0.180612 0.306176 -0.046807
v -0.172112 0.306176 -0.067328
v -0.14992 0.383814 -0.120903
v -0.14992 0.383814 -0.120903
v -0.172112 0.306176 -0.067328
v -0.149407 0.383972 -0.122143
v -0.172112 0.306176 -0.067328
v -0.170411 0.306176 -0.071435
v -0.149407 0.383972 -0.122143
v -0.153729 0.38264 -0.111708
v -0.180612 0.306176 -0.046807
v -0.152573 0.382996 -0.114499
v -0.158105 0.382474 -0.101144
v -0.199067 0.306176 -0.002252
v -0.153729 0.38264 -0.111708
v -0.199067 0.306176 -0.002252
v -0.180612 0.306176 -0.046807
v -0.153729 0.38264 -0.111708
v -0.183807 0.381501 -0.039093
v -0.199067 0.306176 -0.002252
v -0.158105 0.382474 -0.101144
v -0.199972 0.385302 0.000068
v -0.199067 0.306176 -0.002252
v -0.183807 0.381501 -0.039093
v -0.199972 0.385302 0.000068
v -0.199892 0.305667 0.000262
v -0.199067 0.306176 -0.002252
v -0.002251 0.306176 -0.199067
v -0.000262 0.305667 -0.199892
v -0.000065 0.386711 -0.199973
v -0.020143 0.383985 -0.191656
v -0.00645 0.306176 -0.197328
v -0.001625 0.386499 -0.199327
v -0.026186 0.383832 -0.189154
v -0.094614 0.306176 -0.160809
v -0.020143 0.383985 -0.191656
v -0.094614 0.306176 -0.160809
v -0.00645 0.306176 -0.197328
v -0.020143 0.383985 -0.191656
v -0.001625 0.386499 -0.199327
v -0.00645 0.306176 -0.197328
v -0.000564 0.386643 -0.199766
v -0.00645 0.306176 -0.197328
v -0.002251 0.306176 -0.199067
v -0.000564 0.386643 -0.199766
v -0.139562 0.386269 -0.142191
v -0.134103 0.306176 -0.144453
v -0.093174 0.382141 -0.161406
v -0.093174 0.382141 -0.161406
v -0.134103 0.306176 -0.144453
v -0.03747 0.383547 -0.184479
v -0.141421 0.386435 -0.141421
v -0.141421 0.303107 -0.141421
v -0.139562 0.386269 -0.142191
v -0.141421 0.303107 -0.141421
v -0.134103 0.306176 -0.144453
v -0.139562 0.386269 -0.142191
v -0.03747 0.383547 -0.184479
v -0.134103 0.306176 -0.144453
v -0.026186 0.383832 -0.189154
v -0.134103 0.306176 -0.144453
v -0.094614 0.306176 -0.160809
v -0.026186 0.383832 -0.189154
v 0.141421 0.303107 -0.141421
v 0.142318 0.302731 -0.14105
v 0.141645 0.385906 -0.141329
v 0.139517 0.385605 -0.14221
v 0.134103 0.306176 -0.144453
v 0.141645 0.385906 -0.141329
v 0.134103 0.306176 -0.144453
v 0.141421 0.303107 -0.141421
v 0.141645 0.385906 -0.141329
v 0.13292 0.384674 -0.144943
v 0.109809 0.306176 -0.154516
v 0.139517 0.385605 -0.14221
v 0.109809 0.306176 -0.154516
v 0.134103 0.306176 -0.144453
v 0.139517 0.385605 -0.14221
v 0.13116 0.384425 -0.145672
v 0.106511 0.306176 -0.155882
v 0.109809 0.306176 -0.154516
v 0.13116 0.384425 -0.145672
v 0.109809 0.306176 -0.154516
v 0.13292 0.384674 -0.144943
v 0.115302 0.383907 -0.15224
v 0.046807 0.306176 -0.180612
v 0.13116 0.384425 -0.145672
v 0.046807 0.306176 -0.180612
v 0.103837 0.306176 -0.156989
v 0.13116 0.384425 -0.145672
v 0.103837 0.306176 -0.156989
v 0.106511 0.306176 -0.155882
v 0.13116 0.384425 -0.145672
v 0.057268 0.38201 -0.176279
v 0.002251 0.306176 -0.199067
v 0.102457 0.383487 -0.157561
v -0.000564 0.386643 -0.199766
v 0.002251 0.306176 -0.199067
v 0.057268 0.38201 -0.176279
v -0.000065 0.386711 -0.199973
v -0.000262 0.305667 -0.199892
v 0.002251 0.306176 -0.199067
v 0.102457 0.383487 -0.157561
v 0.002251 0.306176 -0.199067
v 0.041075 0.306176 -0.182986
v 0.102457 0.383487 -0.157561
v 0.041075 0.306176 -0.182986
v 0.113669 0.383853 -0.152917
v 0.045182 0.306176 -0.181285
v 0.046807 0.306176 -0.180612
v 0.115302 0.383907 -0.15224
v 0.113669 0.383853 -0.152917
v 0.041075 0.306176 -0.182986
v 0.045182 0.306176 -0.181285
v 0.113669 0.383853 -0.152917
v 0.045182 0.306176 -0.181285
v 0.114839 0.383892 -0.152432
v 0.199067 0.306176 -0.002251
v 0.2 0.3056 -0
v 0.2 0.384193 -0
v 0.188873 0.383065 -0.026862
v 0.160809 0.306176 -0.094614
v 0.199268 0.384119 -0.001768
v 0.160809 0.306176 -0.094614
v 0.197328 0.306176 -0.00645
v 0.199268 0.384119 -0.001768
v 0.199268 0.384119 -0.001768
v 0.197328 0.306176 -0.00645
v 0.2 0.384193 -0
v 0.197328 0.306176 -0.00645
v 0.199067 0.306176 -0.002251
v 0.2 0.384193 -0
v 0.141645 0.385906 -0.141329
v 0.142318 0.302731 -0.14105
v 0.169033 0.381085 -0.075287
v 0.169033 0.381085 -0.075287
v 0.142318 0.302731 -0.14105
v 0.183885 0.38259 -0.039405
v 0.183885 0.38259 -0.039405
v 0.142318 0.302731 -0.14105
v 0.144453 0.306176 -0.134103
v 0.186955 0.38287 -0.031493
v 0.154343 0.306176 -0.110225
v 0.188873 0.383065 -0.026862
v 0.154343 0.306176 -0.110225
v 0.160809 0.306176 -0.094614
v 0.188873 0.383065 -0.026862
v 0.183973 0.382568 -0.038694
v 0.144453 0.306176 -0.134103
v 0.154343 0.306176 -0.110225
v 0.183973 0.382568 -0.038694
v 0.154343 0.306176 -0.110225
v 0.186955 0.38287 -0.031493
v 0.394225 0.433943 0.027168
v 0.4 0.425594 0
v 0.365337 0.432798 0.163074
v 0.365337 0.432798 0.163074
v 0.365418 0.475594 0.162695
v 0.394225 0.433943 0.027168
v 0.4 0.425594 0
v 0.365418 0.425594 0.162695
v 0.365337 0.432798 0.163074
v 0.394225 0.433943 0.027168
v 0.365418 0.475594 0.162695
v 0.399955 0.434193 0.000211
v 0.399955 0.434193 0.000211
v 0.4 0.425594 0
v 0.394225 0.433943 0.027168
v 0.365418 0.475594 0.162695
v 0.4 0.475594 0
v 0.399955 0.434193 0.000211
v 0.338646 0.425594 0.151129
v 0.365418 0.425594 0.162695
v 0.36561 0.425594 0.000349
v 0.365418 0.425594 0.162695
v 0.4 0.425594 0
v 0.36561 0.425594 0.000349
v 0.194613 0.475594 0
v 0.4 0.475594 0
v 0.365418 0.475594 0.162695
v 0.194613 0.475594 0
v 0.365418 0.475594 0.162695
v 0.164311 0.475594 0.073156
v 0.351715 0.432602 0.181555
v 0.365418 0.425594 0.162695
v 0.267487 0.431625 0.297485
v 0.267487 0.431625 0.297485
v 0.267652 0.475594 0.297258
v 0.351715 0.432602 0.181555
v 0.365418 0.425594 0.162695
v 0.267652 0.425594 0.297258
v 0.267487 0.431625 0.297485
v 0.351715 0.432602 0.181555
v 0.267652 0.475594 0.297258
v 0.365337 0.432798 0.163074
v 0.365337 0.432798 0.163074
v 0.365418 0.425594 0.162695
v 0.351715 0.432602 0.181555
v 0.267652 0.475594 0.297258
v 0.365418 0.475594 0.162695
v 0.365337 0.432798 0.163074
v 0.250929 0.425594 0.279043
v 0.267652 0.425594 0.297258
v 0.338646 0.425594 0.151129
v 0.267652 0.425594 0.297258
v 0.365418 0.425594 0.162695
v 0.338646 0.425594 0.151129
v 0.365418 0.475594 0.162695
v 0.267652 0.475594 0.297258
v 0.137612 0.475594 0.137612
v 0.137612 0.475594 0.137612
v 0.267652 0.475594 0.297258
v 0.12763 0.475594 0.141747
v 0.164311 0.475594 0.073156
v 0.365418 0.475594 0.162695
v 0.137612 0.475594 0.137612
v 0.250594 0.431515 0.307107
v 0.267652 0.425594 0.297258
v 0.123495 0.430897 0.380487
v 0.123495 0.430897 0.380487
v 0.123607 0.475594 0.380423
v 0.250594 0.431515 0.307107
v 0.267652 0.425594 0.297258
v 0.123607 0.425594 0.380423
v 0.123495 0.430897 0.380487
v 0.250594 0.431515 0.307107
v 0.123607 0.475594 0.380423
v 0.267487 0.431625 0.297485
v 0.267487 0.431625 0.297485
v 0.267652 0.425594 0.297258
v 0.250594 0.431515 0.307107
v 0.123607 0.475594 0.380423
v 0.267652 0.475594 0.297258
v 0.267487 0.431625 0.297485
v 0.116723 0.425594 0.359598
v 0.123607 0.425594 0.380423
v 0.250929 0.425594 0.279043
v 0.123607 0.425594 0.380423
v 0.267652 0.425594 0.297258
v 0.250929 0.425594 0.279043
v 0.12763 0.475594 0.141747
v 0.267652 0.475594 0.297258
v 0.055733 0.475594 0.171528
v 0.267652 0.475594 0.297258
v 0.123607 0.475594 0.380423
v 0.055733 0.475594 0.171528
v -0.041768 0.430738 0.397804
v -0.042758 0.43084 0.397908
v -0.041811 0.475594 0.397809
v 0.106156 0.430869 0.382257
v 0.123607 0.425594 0.380423
v -0.041768 0.430738 0.397804
v -0.041768 0.430738 0.397804
v -0.041811 0.475594 0.397809
v 0.106156 0.430869 0.382257
v -0.041768 0.430738 0.397804
v -0.042758 0.43084 0.397908
v 0.123607 0.425594 0.380423
v 0.123607 0.425594 0.380423
v -0.041811 0.425594 0.397809
v -0.041768 0.430738 0.397804
v 0.106156 0.430869 0.382257
v -0.041811 0.475594 0.397809
v 0.123495 0.430897 0.380487
v 0.123495 0.430897 0.380487
v 0.123607 0.425594 0.380423
v 0.106156 0.430869 0.382257
v 0.12447 0.430989 0.380332
v 0.123495 0.430897 0.380487
v -0.041811 0.475594 0.397809
v -0.041811 0.475594 0.397809
v 0.123607 0.475594 0.380423
v 0.12447 0.430989 0.380332
v -0.039543 0.425594 0.376586
v -0.041811 0.425594 0.397809
v 0.123607 0.425594 0.380423
v -0.039543 0.425594 0.376586
v 0.123607 0.425594 0.380423
v 0.116723 0.425594 0.359598
v 0.123607 0.475594 0.380423
v -0.041811 0.475594 0.397809
v 0 0.475594 0.194613
v 0 0.475594 0.194613
v -0.041811 0.475594 0.397809
v -0.019601 0.475594 0.186494
v 0.055733 0.475594 0.171528
v 0.123607 0.475594 0.380423
v 0 0.475594 0.194613
v -0.058242 0.430787 0.39247
v -0.041811 0.425594 0.397809
v -0.200711 0.431276 0.346179
v -0.200711 0.431276 0.346179
v -0.2 0.475594 0.34641
v -0.058242 0.430787 0.39247
v -0.041811 0.425594 0.397809
v -0.2 0.425594 0.34641
v -0.200711 0.431276 0.346179
v -0.058242 0.430787 0.39247
v -0.2 0.475594 0.34641
v -0.041768 0.430738 0.397804
v -0.041768 0.430738 0.397804
v -0.041811 0.425594 0.397809
v -0.058242 0.430787 0.39247
v -0.2 0.475594 0.34641
v -0.041811 0.475594 0.397809
v -0.041768 0.430738 0.397804
v -0.188304 0.425594 0.326513
v -0.2 0.425594 0.34641
v -0.041811 0.425594 0.397809
v -0.188304 0.425594 0.326513
v -0.041811 0.425594 0.397809
v -0.039543 0.425594 0.376586
v -0.019601 0.475594 0.186494
v -0.041811 0.475594 0.397809
v -0.090675 0.475594 0.157054
v -0.041811 0.475594 0.397809
v -0.2 0.475594 0.34641
v -0.090675 0.475594 0.157054
v -0.214116 0.431304 0.3337
v -0.2 0.425594 0.34641
v -0.323914 0.432215 0.234838
v -0.323914 0.432215 0.234838
v -0.323607 0.475594 0.235114
v -0.214116 0.431304 0.3337
v -0.2 0.425594 0.34641
v -0.323607 0.425594 0.235114
v -0.323914 0.432215 0.234838
v -0.214116 0.431304 0.3337
v -0.323607 0.475594 0.235114
v -0.199845 0.431196 0.34655
v -0.199845 0.431196 0.34655
v -0.2 0.425594 0.34641
v -0.214116 0.431304 0.3337
v -0.323607 0.475594 0.235114
v -0.2 0.475594 0.34641
v -0.199845 0.431196 0.34655
v -0.301766 0.425594 0.219602
v -0.323607 0.425594 0.235114
v -0.2 0.425594 0.34641
v -0.301766 0.425594 0.219602
v -0.2 0.425594 0.34641
v -0.188304 0.425594 0.326513
v -0.2 0.475594 0.34641
v -0.323607 0.475594 0.235114
v -0.137612 0.475594 0.137612
v -0.137612 0.475594 0.137612
v -0.323607 0.475594 0.235114
v -0.149594 0.475594 0.108686
v -0.090675 0.475594 0.157054
v -0.2 0.475594 0.34641
v -0.137612 0.475594 0.137612
v -0.332738 0.432343 0.214605
v -0.323607 0.425594 0.235114
v -0.391259 0.433494 0.083165
v -0.391259 0.433494 0.083165
v -0.391259 0.475594 0.083165
v -0.332738 0.432343 0.214605
v -0.323607 0.425594 0.235114
v -0.391259 0.425594 0.083165
v -0.391259 0.433494 0.083165
v -0.332738 0.432343 0.214605
v -0.391259 0.475594 0.083165
v -0.323914 0.432215 0.234838
v -0.323914 0.432215 0.234838
v -0.323607 0.425594 0.235114
v -0.332738 0.432343 0.214605
v -0.391259 0.475594 0.083165
v -0.323607 0.475594 0.235114
v -0.323914 0.432215 0.234838
v -0.360145 0.425594 0.076903
v -0.391259 0.425594 0.083165
v -0.323607 0.425594 0.235114
v -0.360145 0.425594 0.076903
v -0.323607 0.425594 0.235114
v -0.301766 0.425594 0.219602
v -0.149594 0.475594 0.108686
v -0.323607 0.475594 0.235114
v -0.178865 0.475594 0.038019
v -0.323607 0.475594 0.235114
v -0.391259 0.475594 0.083165
v -0.178865 0.475594 0.038019
v -0.391259 0.433722 0.056127
v -0.391259 0.425594 0.083165
v -0.391259 0.434892 -0.08274
v -0.391259 0.434892 -0.08274
v -0.391259 0.475594 -0.083165
v -0.391259 0.433722 0.056127
v -0.391259 0.425594 0.083165
v -0.391259 0.425594 -0.083165
v -0.391259 0.434892 -0.08274
v -0.391259 0.433722 0.056127
v -0.391259 0.475594 -0.083165
v -0.391259 0.433494 0.083165
v -0.391259 0.433494 0.083165
v -0.391259 0.425594 0.083165
v -0.391259 0.433722 0.056127
v -0.391259 0.475594 -0.083165
v -0.391259 0.475594 0.083165
v -0.391259 0.433494 0.083165
v -0.355131 0.425594 -0.075139
v -0.391259 0.425594 -0.083165
v -0.391259 0.425594 0.083165
v -0.355131 0.425594 -0.075139
v -0.391259 0.425594 0.083165
v -0.360145 0.425594 0.076903
v -0.391259 0.475594 0.083165
v -0.391259 0.475594 -0.083165
v -0.194613 0.475594 0
v -0.194613 0.475594 0
v -0.391259 0.475594 -0.083165
v -0.178865 0.475594 -0.038019
v -0.178865 0.475594 0.038019
v -0.391259 0.475594 0.083165
v -0.194613 0.475594 0
v -0.391259 0.425594 -0.083165
v -0.323607 0.425594 -0.235114
v -0.323607 0.475594 -0.235114
v -0.323607 0.475594 -0.235114
v -0.391259 0.475594 -0.083165
v -0.391259 0.425594 -0.083165
v -0.290036 0.425594 -0.210382
v -0.323607 0.425594 -0.235114
v -0.391259 0.425594 -0.083165
v -0.290036 0.425594 -0.210382
v -0.391259 0.425594 -0.083165
v -0.355131 0.425594 -0.075139
v -0.178865 0.475594 -0.038019
v -0.391259 0.475594 -0.083165
v -0.149594 0.475594 -0.108686
v -0.391259 0.475594 -0.083165
v -0.323607 0.475594 -0.235114
v -0.149594 0.475594 -0.108686
v -0.323607 0.425594 -0.235114
v -0.2 0.425594 -0.34641
v -0.2 0.475594 -0.34641
v -0.2 0.475594 -0.34641
v -0.323607 0.475594 -0.235114
v -0.323607 0.425594 -0.235114
v -0.177618 0.425594 -0.307305
v -0.2 0.425594 -0.34641
v -0.323607 0.425594 -0.235114
v -0.177618 0.425594 -0.307305
v -0.323607 0.425594 -0.235114
v -0.290036 0.425594 -0.210382
v -0.323607 0.475594 -0.235114
v -0.2 0.475594 -0.34641
v -0.137612 0.475594 -0.137612
v -0.137612 0.475594 -0.137612
v -0.2 0.475594 -0.34641
v -0.090675 0.475594 -0.157054
v -0.149594 0.475594 -0.108686
v -0.323607 0.475594 -0.235114
v -0.137612 0.475594 -0.137612
v -0.2 0.425594 -0.34641
v -0.041811 0.425594 -0.397809
v -0.041811 0.475594 -0.397809
v -0.041811 0.475594 -0.397809
v -0.2 0.475594 -0.34641
v -0.2 0.425594 -0.34641
v -0.036977 0.425594 -0.351472
v -0.041811 0.425594 -0.397809
v -0.2 0.425594 -0.34641
v -0.036977 0.425594 -0.351472
v -0.2 0.425594 -0.34641
v -0.177618 0.425594 -0.307305
v -0.090675 0.475594 -0.157054
v -0.2 0.475594 -0.34641
v -0.019601 0.475594 -0.186494
v -0.2 0.475594 -0.34641
v -0.041811 0.475594 -0.397809
v -0.019601 0.475594 -0.186494
v -0.041811 0.425594 -0.397809
v 0.123607 0.425594 -0.380423
v 0.123607 0.475594 -0.380423
v 0.123607 0.475594 -0.380423
v -0.041811 0.475594 -0.397809
v -0.041811 0.425594 -0.397809
v 0.109469 0.425594 -0.336574
v 0.123607 0.425594 -0.380423
v -0.036977 0.425594 -0.351472
v 0.123607 0.425594 -0.380423
v -0.041811 0.425594 -0.397809
v -0.036977 0.425594 -0.351472
v -0.041811 0.475594 -0.397809
v 0.123607 0.475594 -0.380423
v -0 0.475594 -0.194613
v -0 0.475594 -0.194613
v 0.123607 0.475594 -0.380423
v 0.055733 0.475594 -0.171528
v -0.019601 0.475594 -0.186494
v -0.041811 0.475594 -0.397809
v -0 0.475594 -0.194613
v 0.123607 0.425594 -0.380423
v 0.267652 0.425594 -0.297258
v 0.267652 0.475594 -0.297258
v 0.267652 0.475594 -0.297258
v 0.123607 0.475594 -0.380423
v 0.123607 0.425594 -0.380423
v 0.23866 0.425594 -0.264719
v 0.267652 0.425594 -0.297258
v 0.109469 0.425594 -0.336574
v 0.267652 0.425594 -0.297258
v 0.123607 0.425594 -0.380423
v 0.109469 0.425594 -0.336574
v 0.055733 0.475594 -0.171528
v 0.123607 0.475594 -0.380423
v 0.12763 0.475594 -0.141747
v 0.123607 0.475594 -0.380423
v 0.267652 0.475594 -0.297258
v 0.12763 0.475594 -0.141747
v 0.267652 0.425594 -0.297258
v 0.365418 0.425594 -0.162695
v 0.365418 0.475594 -0.162695
v 0.365418 0.475594 -0.162695
v 0.267652 0.475594 -0.297258
v 0.267652 0.425594 -0.297258
v 0.329482 0.425594 -0.146351
v 0.365418 0.425594 -0.162695
v 0.23866 0.425594 -0.264719
v 0.365418 0.425594 -0.162695
v 0.267652 0.425594 -0.297258
v 0.23866 0.425594 -0.264719
v 0.267652 0.475594 -0.297258
v 0.365418 0.475594 -0.162695
v 0.137612 0.475594 -0.137612
v 0.137612 0.475594 -0.137612
v 0.365418 0.475594 -0.162695
v 0.164311 0.475594 -0.073156
v 0.12763 0.475594 -0.141747
v 0.267652 0.475594 -0.297258
v 0.137612 0.475594 -0.137612
v 0.365418 0.425594 -0.162695
v 0.4 0.425594 0
v 0.4 0.475594 0
v 0.4 0.475594 0
v 0.365418 0.475594 -0.162695
v 0.365418 0.425594 -0.162695
v 0.36561 0.425594 0.000349
v 0.4 0.425594 0
v 0.329482 0.425594 -0.146351
v 0.4 0.425594 0
v 0.365418 0.425594 -0.162695
v 0.329482 0.425594 -0.146351
v 0.164311 0.475594 -0.073156
v 0.365418 0.475594 -0.162695
v 0.194613 0.475594 0
v 0.365418 0.475594 -0.162695
v 0.4 0.475594 0
v 0.194613 0.475594 0
v 0.329482 0.425594 -0.146351
v 0.169033 0.381085 -0.075287
v 0.183885 0.38259 -0.039405
v 0.36561 0.425594 0.000349
v 0.199268 0.384119 -0.001768
v 0.2 0.384193 -0
v 0.36561 0.425594 0.000349
v 0.188873 0.383065 -0.026862
v 0.199268 0.384119 -0.001768
v 0.36561 0.425594 0.000349
v 0.186955 0.38287 -0.031493
v 0.188873 0.383065 -0.026862
v 0.329482 0.425594 -0.146351
v 0.183885 0.38259 -0.039405
v 0.186955 0.38287 -0.031493
v 0.329482 0.425594 -0.146351
v 0.186955 0.38287 -0.031493
v 0.36561 0.425594 0.000349
v 0.141645 0.385906 -0.141329
v 0.169033 0.381085 -0.075287
v 0.329482 0.425594 -0.146351
v 0.13199 0.384542 -0.145328
v 0.13292 0.384674 -0.144943
v 0.23866 0.425594 -0.264719
v 0.23866 0.425594 -0.264719
v 0.13292 0.384674 -0.144943
v 0.139517 0.385605 -0.14221
v 0.23866 0.425594 -0.264719
v 0.139517 0.385605 -0.14221
v 0.141645 0.385906 -0.141329
v 0.23866 0.425594 -0.264719
v 0.141645 0.385906 -0.141329
v 0.329482 0.425594 -0.146351
v 0.109469 0.425594 -0.336574
v 0.057268 0.38201 -0.176279
v 0.102457 0.383487 -0.157561
v 0.23866 0.425594 -0.264719
v 0.115302 0.383907 -0.15224
v 0.13116 0.384425 -0.145672
v 0.23866 0.425594 -0.264719
v 0.113669 0.383853 -0.152917
v 0.115302 0.383907 -0.15224
v 0.109469 0.425594 -0.336574
v 0.102457 0.383487 -0.157561
v 0.113669 0.383853 -0.152917
v 0.109469 0.425594 -0.336574
v 0.113669 0.383853 -0.152917
v 0.23866 0.425594 -0.264719
v -0.000065 0.386711 -0.199973
v 0.057268 0.38201 -0.176279
v 0.109469 0.425594 -0.336574
v -0.036977 0.425594 -0.351472
v -0.020143 0.383985 -0.191656
v -0.001625 0.386499 -0.199327
v -0.036977 0.425594 -0.351472
v -0.001625 0.386499 -0.199327
v -0.000065 0.386711 -0.199973
v -0.036977 0.425594 -0.351472
v -0.000065 0.386711 -0.199973
v 0.109469 0.425594 -0.336574
v -0.026186 0.383832 -0.189154
v -0.020143 0.383985 -0.191656
v -0.036977 0.425594 -0.351472
v -0.177453 0.425594 -0.307357
v -0.093174 0.382141 -0.161406
v -0.03747 0.383547 -0.184479
v -0.036977 0.425594 -0.351472
v -0.03747 0.383547 -0.184479
v -0.026186 0.383832 -0.189154
v -0.177453 0.425594 -0.307357
v -0.03747 0.383547 -0.184479
v -0.036977 0.425594 -0.351472
v -0.153729 0.38264 -0.111708
v -0.152573 0.382996 -0.114499
v -0.290036 0.425594 -0.210382
v -0.290036 0.425594 -0.210382
v -0.152573 0.382996 -0.114499
v -0.14992 0.383814 -0.120903
v -0.139562 0.386269 -0.142191
v -0.093174 0.382141 -0.161406
v -0.177453 0.425594 -0.307357
v -0.177453 0.425594 -0.307357
v -0.141421 0.386435 -0.141421
v -0.139562 0.386269 -0.142191
v -0.177453 0.425594 -0.307357
v -0.142194 0.386197 -0.139557
v -0.141421 0.386435 -0.141421
v -0.177453 0.425594 -0.307357
v -0.143325 0.385848 -0.136825
v -0.142194 0.386197 -0.139557
v -0.290036 0.425594 -0.210382
v -0.14992 0.383814 -0.120903
v -0.149407 0.383972 -0.122143
v -0.290036 0.425594 -0.210382
v -0.149407 0.383972 -0.122143
v -0.143325 0.385848 -0.136825
v -0.290036 0.425594 -0.210382
v -0.143325 0.385848 -0.136825
v -0.177453 0.425594 -0.307357
v -0.354979 0.425594 -0.075453
v -0.183807 0.381501 -0.039093
v -0.158105 0.382474 -0.101144
v -0.158105 0.382474 -0.101144
v -0.153729 0.38264 -0.111708
v -0.290036 0.425594 -0.210382
v -0.354979 0.425594 -0.075453
v -0.158105 0.382474 -0.101144
v -0.290036 0.425594 -0.210382
v -0.199972 0.385302 0.000068
v -0.183807 0.381501 -0.039093
v -0.354979 0.425594 -0.075453
v -0.183826 0.380847 0.039047
v -0.18629 0.381527 0.033098
v -0.360134 0.425594 0.076549
v -0.360134 0.425594 0.076549
v -0.18629 0.381527 0.033098
v -0.188539 0.382147 0.02767
v -0.360134 0.425594 0.076549
v -0.199292 0.385115 0.001708
v -0.199972 0.385302 0.000068
v -0.360134 0.425594 0.076549
v -0.188539 0.382147 0.02767
v -0.199292 0.385115 0.001708
v -0.360134 0.425594 0.076549
v -0.199972 0.385302 0.000068
v -0.354979 0.425594 -0.075453
v -0.301766 0.425594 0.219602
v -0.153743 0.38076 0.111676
v -0.182653 0.380844 0.041879
v -0.183081 0.380845 0.040845
v -0.183826 0.380847 0.039047
v -0.360134 0.425594 0.076549
v -0.360134 0.425594 0.076549
v -0.182653 0.380844 0.041879
v -0.183081 0.380845 0.040845
v -0.301766 0.425594 0.219602
v -0.182653 0.380844 0.041879
v -0.360134 0.425594 0.076549
v -0.14166 0.38407 0.141323
v -0.153743 0.38076 0.111676
v -0.301766 0.425594 0.219602
v -0.093201 0.379433 0.161395
v -0.097769 0.37987 0.159503
v -0.188439 0.425594 0.326385
v -0.188439 0.425594 0.326385
v -0.097769 0.37987 0.159503
v -0.111143 0.38115 0.153963
v -0.301766 0.425594 0.219602
v -0.139397 0.383853 0.14226
v -0.14166 0.38407 0.141323
v -0.301766 0.425594 0.219602
v -0.132605 0.383203 0.145073
v -0.139397 0.383853 0.14226
v -0.188439 0.425594 0.326385
v -0.113523 0.381378 0.152977
v -0.131521 0.3831 0.145522
v -0.188439 0.425594 0.326385
v -0.111143 0.38115 0.153963
v -0.113032 0.38133 0.153181
v -0.188439 0.425594 0.326385
v -0.131521 0.3831 0.145522
v -0.132605 0.383203 0.145073
v -0.188439 0.425594 0.326385
v -0.132605 0.383203 0.145073
v -0.301766 0.425594 0.219602
v -0.020146 0.380761 0.191655
v -0.093201 0.379433 0.161395
v -0.188439 0.425594 0.326385
v -0.188439 0.425594 0.326385
v -0.039543 0.425594 0.376586
v -0.020146 0.380761 0.191655
v 0.000073 0.383339 0.19997
v -0.020146 0.380761 0.191655
v -0.039543 0.425594 0.376586
v 0.116723 0.425594 0.359598
v 0.057286 0.379052 0.176271
v 0.041618 0.380226 0.182761
v -0.039543 0.425594 0.376586
v 0.001823 0.383208 0.199245
v 0.000073 0.383339 0.19997
v -0.039543 0.425594 0.376586
v 0.028497 0.381209 0.188196
v 0.001823 0.383208 0.199245
v 0.116723 0.425594 0.359598
v 0.041618 0.380226 0.182761
v 0.028497 0.381209 0.188196
v 0.116723 0.425594 0.359598
v 0.028497 0.381209 0.188196
v -0.039543 0.425594 0.376586
v 0.131171 0.381973 0.145667
v 0.057286 0.379052 0.176271
v 0.116723 0.425594 0.359598
v 0.250929 0.425594 0.279043
v 0.131171 0.381973 0.145667
v 0.116723 0.425594 0.359598
v 0.338832 0.425594 0.150858
v 0.168871 0.379772 0.075152
v 0.158825 0.381133 0.099406
v 0.139352 0.383183 0.142279
v 0.131171 0.381973 0.145667
v 0.250929 0.425594 0.279043
v 0.141421 0.383489 0.141421
v 0.139352 0.383183 0.142279
v 0.250929 0.425594 0.279043
v 0.250929 0.425594 0.279043
v 0.142273 0.383373 0.139365
v 0.141421 0.383489 0.141421
v 0.250929 0.425594 0.279043
v 0.143507 0.383206 0.136387
v 0.142273 0.383373 0.139365
v 0.250929 0.425594 0.279043
v 0.149845 0.382348 0.121085
v 0.143507 0.383206 0.136387
v 0.338832 0.425594 0.150858
v 0.158825 0.381133 0.099406
v 0.152963 0.381926 0.113556
v 0.338832 0.425594 0.150858
v 0.152963 0.381926 0.113556
v 0.149845 0.382348 0.121085
v 0.338832 0.425594 0.150858
v 0.149845 0.382348 0.121085
v 0.250929 0.425594 0.279043
v 0.2 0.384193 -0
v 0.168871 0.379772 0.075152
v 0.338832 0.425594 0.150858
v 0.36561 0.425594 0.000349
v 0.2 0.384193 -0
v 0.338832 0.425594 0.150858
v 0.137612 0.475594 -0.137612
v 0.164311 0.475594 -0.073156
v 0 0.280981 -0
v 0 0.280981 -0
v 0.164311 0.475594 -0.073156
v 0.194613 0.475594 0
v -0 0.475594 -0.194613
v 0.055733 0.475594 -0.171528
v 0 0.280981 -0
v 0.12763 0.475594 -0.141747
v 0.137612 0.475594 -0.137612
v 0 0.280981 -0
v 0.055733 0.475594 -0.171528
v 0.12763 0.475594 -0.141747
v 0 0.280981 -0
v -0.137612 0.475594 -0.137612
v -0.090675 0.475594 -0.157054
v 0 0.280981 -0
v -0.019601 0.475594 -0.186494
v -0 0.475594 -0.194613
v 0 0.280981 -0
v -0.090675 0.475594 -0.157054
v -0.019601 0.475594 -0.186494
v 0 0.280981 -0
v -0.194613 0.475594 0
v -0.178865 0.475594 -0.038019
v 0 0.280981 -0
v -0.149594 0.475594 -0.108686
v -0.137612 0.475594 -0.137612
v 0 0.280981 -0
v -0.178865 0.475594 -0.038019
v -0.149594 0.475594 -0.108686
v 0 0.280981 -0
v -0.137612 0.475594 0.137612
v -0.149594 0.475594 0.108686
v 0 0.280981 -0
v -0.178865 0.475594 0.038019
v -0.194613 0.475594 0
v 0 0.280981 -0
v -0.149594 0.475594 0.108686
v -0.178865 0.475594 0.038019
v 0 0.280981 -0
v 0 0.475594 0.194613
v -0.019601 0.475594 0.186494
v 0 0.280981 -0
v -0.090675 0.475594 0.157054
v -0.137612 0.475594 0.137612
v 0 0.280981 -0
v -0.019601 0.475594 0.186494
v -0.090675 0.475594 0.157054
v 0 0.280981 -0
v 0.137612 0.475594 0.137612
v 0.12763 0.475594 0.141747
v 0 0.280981 -0
v 0.055733 0.475594 0.171528
v 0 0.475594 0.194613
v 0 0.280981 -0
v 0.12763 0.475594 0.141747
v 0.055733 0.475594 0.171528
v 0 0.280981 -0
v 0.194613 0.475594 0
v 0.164311 0.475594 0.073156
v 0 0.280981 -0
v 0.164311 0.475594 0.073156
v 0.137612 0.475594 0.137612
v 0 0.280981 -0
vt 0.055908 0.559082
vt 0 0
vt 0.099976 0.559082
vt 0 0
vt 0.099976 0
vt 0.099976 0.559082
vt 0.904297 0
vt 1 0
vt 0.5 0.5
vt 0.155884 0.559082
vt 0.099976 0
vt 0.199951 0.559082
vt 0.099976 0
vt 0.199951 0
vt 0.199951 0.559082
vt 0.654297 0
vt 0.904297 0
vt 0.5 0.5
vt 0.255859 0.559082
vt 0.199951 0
vt 0.299805 0.559082
vt 0.199951 0
vt 0.299805 0
vt 0.299805 0.559082
vt 0.345459 0
vt 0.654297 0
vt 0.5 0.5
vt 0.299805 0
vt 0.399902 0
vt 0.388672 0.559082
vt 0.388672 0.559082
vt 0.399902 0
vt 0.399902 0.559082
vt 0.355713 0.559082
vt 0.299805 0
vt 0.388672 0.559082
vt 0.095459 0
vt 0.345459 0
vt 0.5 0.5
vt 0.455811 0.559082
vt 0.399902 0
vt 0.5 0.559082
vt 0.399902 0
vt 0.5 0
vt 0.5 0.559082
vt 0 0
vt 0.095459 0
vt 0.5 0.5
vt 0.555664 0.559082
vt 0.5 0
vt 0.599609 0.559082
vt 0.5 0
vt 0.599609 0
vt 0.599609 0.559082
vt 0.095459 0
vt 0 0
vt 0.5 0.5
vt 0.655762 0.559082
vt 0.599609 0
vt 0.699707 0.559082
vt 0.599609 0
vt 0.699707 0
vt 0.699707 0.559082
vt 0.345459 0
vt 0.095459 0
vt 0.5 0.5
vt 0.755859 0.559082
vt 0.699707 0
vt 0.799805 0.559082
vt 0.699707 0
vt 0.799805 0
vt 0.799805 0.559082
vt 0.654297 0
vt 0.345459 0
vt 0.5 0.5
vt 0.799805 0
vt 0.899902 0
vt 0.888672 0.559082
vt 0.888672 0.559082
vt 0.899902 0
vt 0.899902 0.559082
vt 0.855469 0.559082
vt 0.799805 0
vt 0.888672 0.559082
vt 0.904297 0
vt 0.654297 0
vt 0.5 0.5
vt 0.955566 0.559082
vt 0.899902 0
vt 1 0.559082
vt 0.899902 0
vt 1 0
vt 1 0.559082
vt 1 0
vt 0.904297 0
vt 0.5 0.5
vt 0.080811 0.635742
vt 0.080811 0.36377
vt 0.240845 0.856445
vt 0.199829 0.199829
vt 0.240845 0.856445
vt 0.080811 0.36377
vt 0.799805 0.799805
vt 0.758789 0.856445
vt 0.199829 0.199829
vt 0.199829 0.199829
vt 0.758789 0.856445
vt 0.240845 0.856445
vt 0.758789 0.856445
vt 0.499756 0.94043
vt 0.240845 0.856445
vt 0.240845 0.143311
vt 0.799805 0.799805
vt 0.199829 0.199829
vt 0.499756 0.059235
vt 0.758789 0.143311
vt 0.240845 0.143311
vt 0.918945 0.36377
vt 0.918945 0.635742
vt 0.758789 0.143311
vt 0.799805 0.799805
vt 0.240845 0.143311
vt 0.758789 0.143311
vt 0.918945 0.635742
vt 0.799805 0.799805
vt 0.758789 0.143311
vt 0.030045 0.601074
vt 0 0
vt 0.049988 0.601074
vt 0 0
vt 0.049988 0
vt 0.049988 0.601074
vt 0.975098 0
vt 1 0
vt 0.5 0.5
vt 0.080017 0.601074
vt 0.049988 0
vt 0.099976 0.601074
vt 0.049988 0
vt 0.099976 0
vt 0.099976 0.601074
vt 0.904297 0
vt 0.975098 0
vt 0.5 0.5
vt 0.130005 0.601074
vt 0.099976 0
vt 0.139771 0.594727
vt 0.099976 0
vt 0.149902 0.601074
vt 0.139771 0.594727
vt 0.137573 0.601074
vt 0.130005 0.601074
vt 0.139771 0.594727
vt 0.139771 0.594727
vt 0.149902 0.601074
vt 0.142334 0.601074
vt 0.099976 0
vt 0.149902 0
vt 0.149902 0.601074
vt 0.793457 0
vt 0.904297 0
vt 0.5 0.5
vt 0.180054 0.601074
vt 0.149902 0
vt 0.199951 0.601074
vt 0.149902 0
vt 0.199951 0
vt 0.199951 0.601074
vt 0.654297 0
vt 0.793457 0
vt 0.5 0.5
vt 0.22998 0.601074
vt 0.199951 0
vt 0.25 0.601074
vt 0.199951 0
vt 0.25 0
vt 0.25 0.601074
vt 0.499756 0
vt 0.654297 0
vt 0.5 0.5
vt 0.280029 0.601074
vt 0.25 0
vt 0.299805 0.601074
vt 0.25 0
vt 0.299805 0
vt 0.299805 0.601074
vt 0.345459 0
vt 0.499756 0
vt 0.5 0.5
vt 0.329834 0.601074
vt 0.299805 0
vt 0.349854 0.601074
vt 0.299805 0
vt 0.349854 0
vt 0.349854 0.601074
vt 0.206055 0
vt 0.345459 0
vt 0.5 0.5
vt 0.349854 0
vt 0.399902 0
vt 0.389893 0.595215
vt 0.389893 0.594727
vt 0.399902 0
vt 0.399902 0.601074
vt 0.389893 0.594727
vt 0.399902 0.601074
vt 0.392334 0.601074
vt 0.387451 0.601074
vt 0.379883 0.601074
vt 0.389404 0.595215
vt 0.379883 0.601074
vt 0.349854 0
vt 0.389404 0.595215
vt 0.095459 0
vt 0.206055 0
vt 0.5 0.5
vt 0.429932 0.601074
vt 0.399902 0
vt 0.449951 0.601074
vt 0.399902 0
vt 0.449951 0
vt 0.449951 0.601074
vt 0.02446 0
vt 0.095459 0
vt 0.5 0.5
vt 0.47998 0.601074
vt 0.449951 0
vt 0.5 0.601074
vt 0.449951 0
vt 0.5 0
vt 0.5 0.601074
vt 0 0
vt 0.02446 0
vt 0.5 0.5
vt 0.529785 0.601074
vt 0.5 0
vt 0.549805 0.601074
vt 0.5 0
vt 0.549805 0
vt 0.549805 0.601074
vt 0.02446 0
vt 0 0
vt 0.5 0.5
vt 0.57959 0.601074
vt 0.549805 0
vt 0.599609 0.601074
vt 0.549805 0
vt 0.599609 0
vt 0.599609 0.601074
vt 0.095459 0
vt 0.02446 0
vt 0.5 0.5
vt 0.629883 0.601074
vt 0.599609 0
vt 0.639648 0.594727
vt 0.599609 0
vt 0.649902 0.601074
vt 0.639648 0.594727
vt 0.637207 0.601074
vt 0.629883 0.601074
vt 0.639648 0.594727
vt 0.639648 0.594727
vt 0.649902 0.601074
vt 0.64209 0.601074
vt 0.599609 0
vt 0.649902 0
vt 0.649902 0.601074
vt 0.206055 0
vt 0.095459 0
vt 0.5 0.5
vt 0.679688 0.601074
vt 0.649902 0
vt 0.699707 0.601074
vt 0.649902 0
vt 0.699707 0
vt 0.699707 0.601074
vt 0.345459 0
vt 0.206055 0
vt 0.5 0.5
vt 0.72998 0.601074
vt 0.699707 0
vt 0.75 0.601074
vt 0.699707 0
vt 0.75 0
vt 0.75 0.601074
vt 0.5 0
vt 0.345459 0
vt 0.5 0.5
vt 0.779785 0.601074
vt 0.75 0
vt 0.799805 0.601074
vt 0.75 0
vt 0.799805 0
vt 0.799805 0.601074
vt 0.654297 0
vt 0.5 0
vt 0.5 0.5
vt 0.82959 0.601074
vt 0.799805 0
vt 0.849609 0.601074
vt 0.799805 0
vt 0.849609 0
vt 0.849609 0.601074
vt 0.793457 0
vt 0.654297 0
vt 0.5 0.5
vt 0.849609 0
vt 0.899902 0
vt 0.889648 0.595215
vt 0.889648 0.594727
vt 0.899902 0
vt 0.899902 0.601074
vt 0.889648 0.594727
vt 0.899902 0.601074
vt 0.89209 0.601074
vt 0.887207 0.601074
vt 0.879883 0.601074
vt 0.88916 0.595215
vt 0.879883 0.601074
vt 0.849609 0
vt 0.88916 0.595215
vt 0.904297 0
vt 0.793457 0
vt 0.5 0.5
vt 0.929688 0.601074
vt 0.899902 0
vt 0.949707 0.601074
vt 0.899902 0
vt 0.949707 0
vt 0.949707 0.601074
vt 0.975098 0
vt 0.904297 0
vt 0.5 0.5
vt 0.97998 0.601074
vt 0.949707 0
vt 1 0.601074
vt 0.949707 0
vt 1 0
vt 1 0.601074
vt 1 0
vt 0.975098 0
vt 0.5 0.5
vt 0.293701 0.747559
vt 0.304443 0.768555
vt 0.276367 0.740723
vt 0.231079 0.695313
vt 0.16626 0.5
vt 0.231567 0.657715
vt 0.231567 0.657715
vt 0.259033 0.723145
vt 0.231079 0.695313
vt 0.183838 0.602539
vt 0.16626 0.5
vt 0.231079 0.695313
vt 0.380859 0.783691
vt 0.397217 0.815918
vt 0.29834 0.749512
vt 0.194946 0.431396
vt 0.183838 0.397217
vt 0.197754 0.424561
vt 0.397217 0.815918
vt 0.304443 0.768555
vt 0.29834 0.749512
vt 0.29834 0.749512
vt 0.304443 0.768555
vt 0.293701 0.747559
vt 0.16626 0.5
vt 0.183838 0.397217
vt 0.194946 0.431396
vt 0.198486 0.422119
vt 0.183838 0.397217
vt 0.199951 0.419434
vt 0.499756 0.832031
vt 0.397217 0.815918
vt 0.421875 0.800781
vt 0.197754 0.424561
vt 0.183838 0.397217
vt 0.198486 0.422119
vt 0.421875 0.800781
vt 0.397217 0.815918
vt 0.380859 0.783691
vt 0.199951 0.419434
vt 0.183838 0.397217
vt 0.240112 0.322266
vt 0.183838 0.397217
vt 0.231079 0.304443
vt 0.240112 0.322266
vt 0.240112 0.322266
vt 0.231079 0.304443
vt 0.242676 0.316162
vt 0.683594 0.756836
vt 0.695313 0.768555
vt 0.657227 0.767578
vt 0.695313 0.768555
vt 0.499756 0.832031
vt 0.657227 0.767578
vt 0.243164 0.314941
vt 0.231079 0.304443
vt 0.259033 0.276367
vt 0.723145 0.740723
vt 0.695313 0.768555
vt 0.683594 0.756836
vt 0.695313 0.768555
vt 0.602539 0.815918
vt 0.499756 0.832031
vt 0.276367 0.259033
vt 0.304443 0.231079
vt 0.314941 0.243164
vt 0.397217 0.183838
vt 0.499512 0.16626
vt 0.304443 0.231079
vt 0.705566 0.250977
vt 0.694824 0.230225
vt 0.723145 0.258301
vt 0.768555 0.303955
vt 0.833496 0.499023
vt 0.768066 0.341553
vt 0.768066 0.341553
vt 0.740234 0.275635
vt 0.768555 0.303955
vt 0.815918 0.396729
vt 0.833496 0.499023
vt 0.768555 0.303955
vt 0.618652 0.214966
vt 0.602051 0.182739
vt 0.701172 0.249268
vt 0.804688 0.567871
vt 0.815918 0.602051
vt 0.801758 0.574707
vt 0.602051 0.182739
vt 0.694824 0.230225
vt 0.701172 0.249268
vt 0.701172 0.249268
vt 0.694824 0.230225
vt 0.705566 0.250977
vt 0.833496 0.499023
vt 0.815918 0.602051
vt 0.804688 0.567871
vt 0.759277 0.677246
vt 0.768555 0.694824
vt 0.757324 0.682617
vt 0.316162 0.242676
vt 0.304443 0.231079
vt 0.342041 0.231689
vt 0.304443 0.231079
vt 0.499512 0.16626
vt 0.342041 0.231689
vt 0.499512 0.16626
vt 0.602051 0.182739
vt 0.577637 0.197876
vt 0.577637 0.197876
vt 0.602051 0.182739
vt 0.611816 0.212036
vt 0.759277 0.677246
vt 0.76123 0.672363
vt 0.768555 0.694824
vt 0.611816 0.212036
vt 0.602051 0.182739
vt 0.618652 0.214966
vt 0.815918 0.602051
vt 0.768555 0.694824
vt 0.800781 0.577148
vt 0.800781 0.577148
vt 0.768555 0.694824
vt 0.76123 0.672363
vt 0.801758 0.574707
vt 0.815918 0.602051
vt 0.800781 0.577148
vt 0.756836 0.683105
vt 0.768555 0.694824
vt 0.740723 0.723145
vt 0.123169 0.811523
vt 0.11853 0.330811
vt 0.125 0.8125
vt 0.11853 0.330811
vt 0.125 0.311768
vt 0.125 0.8125
vt 0.120544 0.810547
vt 0.109253 0.330811
vt 0.123169 0.811523
vt 0.109253 0.330811
vt 0.11853 0.330811
vt 0.123169 0.811523
vt 0.106873 0.330811
vt 0.109253 0.330811
vt 0.120544 0.810547
vt 0.100342 0.802734
vt 0.041351 0.330811
vt 0.106995 0.805176
vt 0.041351 0.330811
vt 0.06311 0.330811
vt 0.106995 0.805176
vt 0.106995 0.805176
vt 0.06311 0.330811
vt 0.119873 0.810547
vt 0.06311 0.330811
vt 0.106873 0.330811
vt 0.119873 0.810547
vt 0.087708 0.799316
vt 0.001549 0.335693
vt 0.100342 0.802734
vt 0.001549 0.335693
vt 0.041351 0.330811
vt 0.100342 0.802734
vt 0.066284 0.791016
vt 0.001549 0.335693
vt 0.087708 0.799316
vt 0.000423 0.818359
vt 0.001549 0.335693
vt 0.066284 0.791016
vt 0 0.816895
vt 0 0.327148
vt 0.001549 0.335693
vt 0.248169 0.330811
vt 0.25 0.327637
vt 0.25 0.811523
vt 0.224731 0.79834
vt 0.16626 0.330811
vt 0.248413 0.810547
vt 0.16626 0.330811
vt 0.244507 0.330811
vt 0.248413 0.810547
vt 0.248413 0.810547
vt 0.244507 0.330811
vt 0.24939 0.811035
vt 0.244507 0.330811
vt 0.248169 0.330811
vt 0.24939 0.811035
vt 0.199341 0.784668
vt 0.131348 0.330811
vt 0.213135 0.791992
vt 0.126709 0.810547
vt 0.131348 0.330811
vt 0.134033 0.803223
vt 0.131348 0.330811
vt 0.199341 0.784668
vt 0.134033 0.803223
vt 0.125 0.8125
vt 0.125 0.311768
vt 0.126709 0.810547
vt 0.125 0.311768
vt 0.131348 0.330811
vt 0.126709 0.810547
vt 0.213135 0.791992
vt 0.131348 0.330811
vt 0.224731 0.79834
vt 0.131348 0.330811
vt 0.16626 0.330811
vt 0.224731 0.79834
vt 0.373535 0.313721
vt 0.375 0.309326
vt 0.375 0.815918
vt 0.372803 0.814941
vt 0.367676 0.330811
vt 0.374512 0.815918
vt 0.367676 0.330811
vt 0.373535 0.313721
vt 0.374512 0.815918
vt 0.29126 0.330811
vt 0.29248 0.330811
vt 0.350098 0.799316
vt 0.366943 0.810547
vt 0.34668 0.330811
vt 0.372803 0.814941
vt 0.34668 0.330811
vt 0.367676 0.330811
vt 0.372803 0.814941
vt 0.365967 0.810059
vt 0.343506 0.330811
vt 0.34668 0.330811
vt 0.365967 0.810059
vt 0.34668 0.330811
vt 0.366943 0.810547
vt 0.350098 0.799316
vt 0.29248 0.330811
vt 0.343506 0.330811
vt 0.350098 0.799316
vt 0.343506 0.330811
vt 0.365967 0.810059
vt 0.332031 0.788574
vt 0.251465 0.335693
vt 0.336182 0.791504
vt 0.250244 0.8125
vt 0.251465 0.335693
vt 0.267578 0.796875
vt 0.251465 0.335693
vt 0.332031 0.788574
vt 0.267578 0.796875
vt 0.25 0.811523
vt 0.25 0.327148
vt 0.251465 0.335693
vt 0.336182 0.791504
vt 0.251465 0.335693
vt 0.286133 0.331543
vt 0.336182 0.791504
vt 0.286133 0.331543
vt 0.348145 0.797852
vt 0.289795 0.331055
vt 0.29126 0.330811
vt 0.349854 0.798828
vt 0.348145 0.797852
vt 0.286133 0.331543
vt 0.289795 0.331055
vt 0.348145 0.797852
vt 0.289795 0.331055
vt 0.349365 0.798828
vt 0.498047 0.330811
vt 0.5 0.327637
vt 0.5 0.82373
vt 0.475342 0.804199
vt 0.41626 0.330811
vt 0.498535 0.822754
vt 0.41626 0.330811
vt 0.494385 0.330811
vt 0.498535 0.822754
vt 0.498535 0.822754
vt 0.494385 0.330811
vt 0.499512 0.823242
vt 0.494385 0.330811
vt 0.498047 0.330811
vt 0.499512 0.823242
vt 0.375 0.816406
vt 0.375 0.313477
vt 0.401123 0.795898
vt 0.401123 0.795898
vt 0.375 0.313477
vt 0.462891 0.796387
vt 0.462891 0.796387
vt 0.375 0.313477
vt 0.380859 0.330811
vt 0.462891 0.796387
vt 0.380859 0.330811
vt 0.463623 0.795898
vt 0.470459 0.800293
vt 0.401611 0.330811
vt 0.475342 0.804199
vt 0.401611 0.330811
vt 0.41626 0.330811
vt 0.475342 0.804199
vt 0.463623 0.795898
vt 0.380859 0.330811
vt 0.465332 0.795898
vt 0.380859 0.330811
vt 0.401611 0.330811
vt 0.465332 0.795898
vt 0.465332 0.795898
vt 0.401611 0.330811
vt 0.470459 0.800293
vt 0.623047 0.829102
vt 0.618164 0.330811
vt 0.625 0.831055
vt 0.618164 0.330811
vt 0.625 0.311768
vt 0.625 0.831055
vt 0.620605 0.827148
vt 0.608887 0.330811
vt 0.623047 0.829102
vt 0.608887 0.330811
vt 0.618164 0.330811
vt 0.623047 0.829102
vt 0.606445 0.330811
vt 0.608887 0.330811
vt 0.620605 0.827148
vt 0.60791 0.81543
vt 0.562988 0.330811
vt 0.620117 0.82666
vt 0.562988 0.330811
vt 0.606445 0.330811
vt 0.620117 0.82666
vt 0.601074 0.80957
vt 0.541016 0.330811
vt 0.606445 0.814453
vt 0.541016 0.330811
vt 0.559082 0.330811
vt 0.606445 0.814453
vt 0.606445 0.814453
vt 0.559082 0.330811
vt 0.60791 0.81543
vt 0.559082 0.330811
vt 0.562988 0.330811
vt 0.60791 0.81543
vt 0.598633 0.807617
vt 0.541016 0.330811
vt 0.601074 0.80957
vt 0.588867 0.807617
vt 0.501465 0.335693
vt 0.598633 0.807617
vt 0.501465 0.335693
vt 0.541016 0.330811
vt 0.598633 0.807617
vt 0.53418 0.80127
vt 0.501465 0.335693
vt 0.588867 0.807617
vt 0.5 0.824707
vt 0.501465 0.335693
vt 0.53418 0.80127
vt 0.5 0.82373
vt 0.5 0.327148
vt 0.501465 0.335693
vt 0.748047 0.330811
vt 0.75 0.327637
vt 0.75 0.83252
vt 0.731934 0.81543
vt 0.744141 0.330811
vt 0.748535 0.831055
vt 0.726563 0.814453
vt 0.666016 0.330811
vt 0.731934 0.81543
vt 0.666016 0.330811
vt 0.744141 0.330811
vt 0.731934 0.81543
vt 0.748535 0.831055
vt 0.744141 0.330811
vt 0.749512 0.832031
vt 0.744141 0.330811
vt 0.748047 0.330811
vt 0.749512 0.832031
vt 0.626465 0.82959
vt 0.631348 0.330811
vt 0.66748 0.804199
vt 0.66748 0.804199
vt 0.631348 0.330811
vt 0.716797 0.812988
vt 0.625 0.831055
vt 0.625 0.311768
vt 0.626465 0.82959
vt 0.625 0.311768
vt 0.631348 0.330811
vt 0.626465 0.82959
vt 0.716797 0.812988
vt 0.631348 0.330811
vt 0.726563 0.814453
vt 0.631348 0.330811
vt 0.666016 0.330811
vt 0.726563 0.814453
vt 0.873535 0.313721
vt 0.875 0.309326
vt 0.875 0.827637
vt 0.873047 0.825684
vt 0.867676 0.330811
vt 0.874512 0.827637
vt 0.867676 0.330811
vt 0.873535 0.313721
vt 0.874512 0.827637
vt 0.867188 0.819824
vt 0.84668 0.330811
vt 0.873047 0.825684
vt 0.84668 0.330811
vt 0.867676 0.330811
vt 0.873047 0.825684
vt 0.866211 0.816406
vt 0.843262 0.330811
vt 0.84668 0.330811
vt 0.866211 0.816406
vt 0.84668 0.330811
vt 0.867188 0.819824
vt 0.851563 0.814941
vt 0.791016 0.330811
vt 0.865723 0.818359
vt 0.791016 0.330811
vt 0.841309 0.330811
vt 0.865723 0.818359
vt 0.841309 0.330811
vt 0.843262 0.330811
vt 0.866211 0.816895
vt 0.800293 0.804688
vt 0.751465 0.335693
vt 0.840332 0.813965
vt 0.75 0.833496
vt 0.751465 0.335693
vt 0.800293 0.804688
vt 0.75 0.83252
vt 0.75 0.327148
vt 0.751465 0.335693
vt 0.840332 0.813965
vt 0.751465 0.335693
vt 0.786133 0.331543
vt 0.840332 0.813965
vt 0.786133 0.331543
vt 0.850098 0.814941
vt 0.789551 0.331055
vt 0.791016 0.330811
vt 0.851563 0.814941
vt 0.850098 0.814941
vt 0.786133 0.331543
vt 0.789551 0.331055
vt 0.850098 0.814941
vt 0.789551 0.331055
vt 0.851074 0.814941
vt 0.997559 0.330811
vt 1 0.327148
vt 1 0.816895
vt 0.976074 0.810059
vt 0.916016 0.330811
vt 0.998047 0.816406
vt 0.916016 0.330811
vt 0.994141 0.330811
vt 0.998047 0.816406
vt 0.998047 0.816406
vt 0.994141 0.330811
vt 0.999023 0.816895
vt 0.994141 0.330811
vt 0.997559 0.330811
vt 0.999023 0.816895
vt 0.875 0.828613
vt 0.875 0.313477
vt 0.933105 0.798828
vt 0.933105 0.798828
vt 0.875 0.313477
vt 0.964844 0.808105
vt 0.964844 0.808105
vt 0.875 0.313477
vt 0.880859 0.330811
vt 0.97168 0.808594
vt 0.902344 0.330811
vt 0.976074 0.810059
vt 0.902344 0.330811
vt 0.916016 0.330811
vt 0.976074 0.810059
vt 0.965332 0.806641
vt 0.880859 0.330811
vt 0.902344 0.330811
vt 0.965332 0.806641
vt 0.902344 0.330811
vt 0.97168 0.808594
vt 0.011131 0.16687
vt 0 0
vt 0.06665 0.144287
vt 0.06665 0.144287
vt 0.06665 1
vt 0.011131 0.16687
vt 0 0
vt 0.06665 0
vt 0.06665 0.144287
vt 0.011131 0.16687
vt 0.06665 1
vt 0 0.171875
vt 0 0.171875
vt 0 0
vt 0.011131 0.16687
vt 0.06665 1
vt 0 1
vt 0 0.171875
vt 0.92334 0.036438
vt 0.956543 0
vt 0.956543 0.042969
vt 0.956543 0
vt 1 0
vt 0.956543 0.042969
vt 0.722168 0.256592
vt 0.956543 0
vt 1 0
vt 0.722168 0.256592
vt 1 0
vt 0.724609 0.275146
vt 0.075989 0.140137
vt 0.06665 0
vt 0.133301 0.120728
vt 0.133301 0.120728
vt 0.133301 1
vt 0.075989 0.140137
vt 0.06665 0
vt 0.133301 0
vt 0.133301 0.120728
vt 0.075989 0.140137
vt 0.133301 1
vt 0.06665 0.143188
vt 0.06665 0.143188
vt 0.06665 0
vt 0.075989 0.140137
vt 0.133301 1
vt 0.06665 1
vt 0.06665 0.143188
vt 0.813477 0.030899
vt 0.834473 0
vt 0.92334 0.036438
vt 0.834473 0
vt 0.956543 0
vt 0.92334 0.036438
vt 0.834473 0
vt 0.956543 0
vt 0.716309 0.25415
vt 0.716309 0.25415
vt 0.956543 0
vt 0.717773 0.261475
vt 0.650391 0.275146
vt 0.834473 0
vt 0.716309 0.25415
vt 0.141113 0.118408
vt 0.133301 0
vt 0.199951 0.106079
vt 0.199951 0.106079
vt 0.199951 1
vt 0.141113 0.118408
vt 0.133301 0
vt 0.199951 0
vt 0.199951 0.106079
vt 0.141113 0.118408
vt 0.199951 1
vt 0.133301 0.119995
vt 0.133301 0.119995
vt 0.133301 0
vt 0.141113 0.118408
vt 0.199951 1
vt 0.133301 1
vt 0.133301 0.119995
vt 0.645996 0.027405
vt 0.654297 0
vt 0.813477 0.030899
vt 0.654297 0
vt 0.834473 0
vt 0.813477 0.030899
vt 0.573242 0.261475
vt 0.654297 0
vt 0.650391 0.274414
vt 0.654297 0
vt 0.834473 0
vt 0.650391 0.274414
vt 0.266113 0.105957
vt 0.266602 0.106628
vt 0.266602 1
vt 0.207031 0.105469
vt 0.199951 0
vt 0.266113 0.105957
vt 0.266113 0.105957
vt 0.266602 1
vt 0.207031 0.105469
vt 0.266113 0.105957
vt 0.266602 0.106628
vt 0.199951 0
vt 0.199951 0
vt 0.266602 0
vt 0.266113 0.105957
vt 0.207031 0.105469
vt 0.266602 1
vt 0.199951 0.105774
vt 0.199951 0.105774
vt 0.199951 0
vt 0.207031 0.105469
vt 0.199951 0.107666
vt 0.199951 0.105774
vt 0.266602 1
vt 0.266602 1
vt 0.199951 1
vt 0.199951 0.107666
vt 0.450439 0.026672
vt 0.44751 0
vt 0.654297 0
vt 0.450439 0.026672
vt 0.654297 0
vt 0.645996 0.027405
vt 0.44751 0
vt 0.654297 0
vt 0.550293 0.252441
vt 0.550293 0.252441
vt 0.654297 0
vt 0.572266 0.265381
vt 0.476318 0.274414
vt 0.44751 0
vt 0.550293 0.252441
vt 0.273438 0.103821
vt 0.266602 0
vt 0.333252 0.114624
vt 0.333252 0.114624
vt 0.333252 1
vt 0.273438 0.103821
vt 0.266602 0
vt 0.333252 0
vt 0.333252 0.114624
vt 0.273438 0.103821
vt 0.333252 1
vt 0.266602 0.102905
vt 0.266602 0.102905
vt 0.266602 0
vt 0.273438 0.103821
vt 0.333252 1
vt 0.266602 1
vt 0.266602 0.102905
vt 0.264404 0.028839
vt 0.249878 0
vt 0.44751 0
vt 0.264404 0.028839
vt 0.44751 0
vt 0.450439 0.026672
vt 0.382568 0.265381
vt 0.249878 0
vt 0.476074 0.273193
vt 0.249878 0
vt 0.44751 0
vt 0.476074 0.273193
vt 0.34082 0.114197
vt 0.333252 0
vt 0.399902 0.132568
vt 0.399902 0.132568
vt 0.399902 1
vt 0.34082 0.114197
vt 0.333252 0
vt 0.399902 0
vt 0.399902 0.132568
vt 0.34082 0.114197
vt 0.399902 1
vt 0.333252 0.112
vt 0.333252 0.112
vt 0.333252 0
vt 0.34082 0.114197
vt 0.399902 1
vt 0.333252 1
vt 0.333252 0.112
vt 0.122559 0.033478
vt 0.095459 0
vt 0.249878 0
vt 0.122559 0.033478
vt 0.249878 0
vt 0.264404 0.028839
vt 0.095459 0
vt 0.249878 0
vt 0.34668 0.251465
vt 0.34668 0.251465
vt 0.249878 0
vt 0.384277 0.268799
vt 0.316406 0.273193
vt 0.095459 0
vt 0.34668 0.251465
vt 0.408936 0.134888
vt 0.399902 0
vt 0.466553 0.157959
vt 0.466553 0.157959
vt 0.466553 1
vt 0.408936 0.134888
vt 0.399902 0
vt 0.466553 0
vt 0.466553 0.157959
vt 0.408936 0.134888
vt 0.466553 1
vt 0.399902 0.131348
vt 0.399902 0.131348
vt 0.399902 0
vt 0.408936 0.134888
vt 0.466553 1
vt 0.399902 1
vt 0.399902 0.131348
vt 0.049713 0.039642
vt 0.010925 0
vt 0.095459 0
vt 0.049713 0.039642
vt 0.095459 0
vt 0.122559 0.033478
vt 0.273682 0.268799
vt 0.010925 0
vt 0.314941 0.27124
vt 0.010925 0
vt 0.095459 0
vt 0.314941 0.27124
vt 0.477295 0.162476
vt 0.466553 0
vt 0.533203 0.186157
vt 0.533203 0.186157
vt 0.533203 1
vt 0.477295 0.162476
vt 0.466553 0
vt 0.533203 0
vt 0.533203 0.186157
vt 0.477295 0.162476
vt 0.533203 1
vt 0.466553 0.157837
vt 0.466553 0.157837
vt 0.466553 0
vt 0.477295 0.162476
vt 0.533203 1
vt 0.466553 1
vt 0.466553 0.157837
vt 0.056152 0.046234
vt 0.010925 0
vt 0.010925 0
vt 0.056152 0.046234
vt 0.010925 0
vt 0.049713 0.039642
vt 0.010925 0
vt 0.010925 0
vt 0.256592 0.251221
vt 0.256592 0.251221
vt 0.010925 0
vt 0.276367 0.27124
vt 0.276367 0.27124
vt 0.010925 0
vt 0.256592 0.251221
vt 0.533203 0
vt 0.599609 0
vt 0.599609 1
vt 0.599609 1
vt 0.533203 1
vt 0.533203 0
vt 0.137573 0.052094
vt 0.095459 0
vt 0.010925 0
vt 0.137573 0.052094
vt 0.010925 0
vt 0.056152 0.046234
vt 0.314941 0.27124
vt 0.095459 0
vt 0.273682 0.268799
vt 0.095459 0
vt 0.010925 0
vt 0.273682 0.268799
vt 0.599609 0
vt 0.666504 0
vt 0.666504 1
vt 0.666504 1
vt 0.599609 1
vt 0.599609 0
vt 0.278076 0.056305
vt 0.25 0
vt 0.095459 0
vt 0.278076 0.056305
vt 0.095459 0
vt 0.137573 0.052094
vt 0.25 0
vt 0.095459 0
vt 0.34668 0.251465
vt 0.34668 0.251465
vt 0.095459 0
vt 0.316406 0.273193
vt 0.384277 0.268799
vt 0.25 0
vt 0.34668 0.251465
vt 0.666504 0
vt 0.73291 0
vt 0.73291 1
vt 0.73291 1
vt 0.666504 1
vt 0.666504 0
vt 0.453613 0.058228
vt 0.44751 0
vt 0.25 0
vt 0.453613 0.058228
vt 0.25 0
vt 0.278076 0.056305
vt 0.476074 0.273193
vt 0.44751 0
vt 0.382568 0.265381
vt 0.44751 0
vt 0.25 0
vt 0.382568 0.265381
vt 0.73291 0
vt 0.799805 0
vt 0.799805 1
vt 0.799805 1
vt 0.73291 1
vt 0.73291 0
vt 0.63623 0.057587
vt 0.654297 0
vt 0.453613 0.058228
vt 0.654297 0
vt 0.44751 0
vt 0.453613 0.058228
vt 0.654297 0
vt 0.44751 0
vt 0.550293 0.252441
vt 0.550293 0.252441
vt 0.44751 0
vt 0.476318 0.274414
vt 0.572266 0.265381
vt 0.654297 0
vt 0.550293 0.252441
vt 0.799805 0
vt 0.866211 0
vt 0.866211 1
vt 0.866211 1
vt 0.799805 1
vt 0.799805 0
vt 0.797852 0.054474
vt 0.834473 0
vt 0.63623 0.057587
vt 0.834473 0
vt 0.654297 0
vt 0.63623 0.057587
vt 0.650391 0.274414
vt 0.834473 0
vt 0.573242 0.261475
vt 0.834473 0
vt 0.654297 0
vt 0.573242 0.261475
vt 0.866211 0
vt 0.933105 0
vt 0.933105 1
vt 0.933105 1
vt 0.866211 1
vt 0.866211 0
vt 0.911621 0.049316
vt 0.956543 0
vt 0.797852 0.054474
vt 0.956543 0
vt 0.834473 0
vt 0.797852 0.054474
vt 0.956543 0
vt 0.834473 0
vt 0.716309 0.25415
vt 0.716309 0.25415
vt 0.834473 0
vt 0.650391 0.275146
vt 0.717773 0.261475
vt 0.956543 0
vt 0.716309 0.25415
vt 0.933105 0
vt 1 0
vt 1 1
vt 1 1
vt 0.933105 1
vt 0.933105 0
vt 0.956543 0.042969
vt 1 0
vt 0.911621 0.049347
vt 1 0
vt 0.956543 0
vt 0.911621 0.049347
vt 0.724609 0.275146
vt 1 0
vt 0.722168 0.256592
vt 1 0
vt 0.956543 0
vt 0.722168 0.256592
vt 0.06665 0.098206
vt 0.06665 0.537109
vt 0.050751 0.519043
vt 0.005745 0.086121
vt 0.034088 0.500488
vt 0.033325 0.499756
vt 0.005745 0.086121
vt 0.045227 0.513184
vt 0.034088 0.500488
vt 0.005745 0.086121
vt 0.047272 0.515625
vt 0.045227 0.513184
vt 0.06665 0.098206
vt 0.050751 0.519043
vt 0.047272 0.515625
vt 0.06665 0.098206
vt 0.047272 0.515625
vt 0.005745 0.086121
vt 0.128906 0.494629
vt 0.102478 0.537109
vt 0.073181 0.098511
vt 0.133301 0.508789
vt 0.132568 0.507324
vt 0.133057 0.107971
vt 0.133057 0.107971
vt 0.132568 0.507324
vt 0.129761 0.497803
vt 0.133057 0.107971
vt 0.129761 0.497803
vt 0.128906 0.494629
vt 0.133057 0.107971
vt 0.128906 0.494629
vt 0.073181 0.098511
vt 0.199951 0.114319
vt 0.199951 0.536621
vt 0.179932 0.52002
vt 0.140503 0.108398
vt 0.174316 0.515625
vt 0.167236 0.509766
vt 0.140503 0.108398
vt 0.175049 0.516113
vt 0.174316 0.515625
vt 0.199951 0.114319
vt 0.179932 0.52002
vt 0.175049 0.516113
vt 0.199951 0.114319
vt 0.175049 0.516113
vt 0.140503 0.108398
vt 0.258057 0.491455
vt 0.235718 0.536621
vt 0.20752 0.11438
vt 0.266602 0.115601
vt 0.266602 0.518066
vt 0.258789 0.493652
vt 0.266602 0.115601
vt 0.258789 0.493652
vt 0.258057 0.491455
vt 0.266602 0.115601
vt 0.258057 0.491455
vt 0.20752 0.11438
vt 0.303711 0.519531
vt 0.301025 0.518066
vt 0.27417 0.115601
vt 0.333252 0.112
vt 0.333252 0.533691
vt 0.308594 0.521973
vt 0.27417 0.115601
vt 0.308594 0.521973
vt 0.303711 0.519531
vt 0.333252 0.112
vt 0.308594 0.521973
vt 0.27417 0.115601
vt 0.399902 0.524902
vt 0.398682 0.521484
vt 0.399658 0.103577
vt 0.399658 0.103577
vt 0.398682 0.521484
vt 0.395996 0.513672
vt 0.38623 0.491211
vt 0.368896 0.533691
vt 0.340576 0.111816
vt 0.340576 0.111816
vt 0.386963 0.489502
vt 0.38623 0.491211
vt 0.340576 0.111816
vt 0.387939 0.491699
vt 0.386963 0.489502
vt 0.340576 0.111816
vt 0.388916 0.494873
vt 0.387939 0.491699
vt 0.399658 0.103577
vt 0.395996 0.513672
vt 0.395264 0.512207
vt 0.399658 0.103577
vt 0.395264 0.512207
vt 0.388916 0.494873
vt 0.399658 0.103577
vt 0.388916 0.494873
vt 0.340576 0.111816
vt 0.466553 0.092529
vt 0.466553 0.529785
vt 0.439453 0.525391
vt 0.439453 0.525391
vt 0.434814 0.524902
vt 0.406738 0.103577
vt 0.466553 0.092529
vt 0.439453 0.525391
vt 0.406738 0.103577
vt 0.516113 0.48877
vt 0.501953 0.529785
vt 0.472656 0.092163
vt 0.533203 0.529785
vt 0.530273 0.523438
vt 0.532715 0.079163
vt 0.532715 0.079163
vt 0.530273 0.523438
vt 0.52832 0.518066
vt 0.532715 0.079163
vt 0.516602 0.490479
vt 0.516113 0.48877
vt 0.532715 0.079163
vt 0.52832 0.518066
vt 0.516602 0.490479
vt 0.532715 0.079163
vt 0.516113 0.48877
vt 0.472656 0.092163
vt 0.599609 0.067627
vt 0.599609 0.524902
vt 0.569824 0.529785
vt 0.569336 0.529785
vt 0.568359 0.529785
vt 0.538574 0.079102
vt 0.538574 0.079102
vt 0.569824 0.529785
vt 0.569336 0.529785
vt 0.599609 0.067627
vt 0.569824 0.529785
vt 0.538574 0.079102
vt 0.64502 0.489258
vt 0.634766 0.524902
vt 0.604004 0.067322
vt 0.666504 0.533691
vt 0.664551 0.529785
vt 0.666016 0.058289
vt 0.666016 0.058289
vt 0.664551 0.529785
vt 0.658691 0.51709
vt 0.604004 0.067322
vt 0.645996 0.491211
vt 0.64502 0.489258
vt 0.604004 0.067322
vt 0.648926 0.497559
vt 0.645996 0.491211
vt 0.666016 0.058289
vt 0.657715 0.515137
vt 0.649414 0.498535
vt 0.666016 0.058289
vt 0.658691 0.51709
vt 0.657715 0.516113
vt 0.666016 0.058289
vt 0.649414 0.498535
vt 0.648926 0.497559
vt 0.666016 0.058289
vt 0.648926 0.497559
vt 0.604004 0.067322
vt 0.73291 0.518066
vt 0.702148 0.533691
vt 0.67041 0.05838
vt 0.67041 0.05838
vt 0.73291 0.05426
vt 0.73291 0.518066
vt 0.774414 0.491455
vt 0.767578 0.518066
vt 0.736816 0.05423
vt 0.799805 0.055634
vt 0.799805 0.536133
vt 0.792969 0.523926
vt 0.736816 0.05423
vt 0.775391 0.49292
vt 0.774414 0.491455
vt 0.736816 0.05423
vt 0.787109 0.513672
vt 0.775391 0.49292
vt 0.799805 0.055634
vt 0.792969 0.523926
vt 0.787109 0.513672
vt 0.799805 0.055634
vt 0.787109 0.513672
vt 0.736816 0.05423
vt 0.866211 0.509766
vt 0.835449 0.536133
vt 0.803711 0.055725
vt 0.866211 0.062347
vt 0.866211 0.509766
vt 0.803711 0.055725
vt 0.933105 0.07312
vt 0.933105 0.537598
vt 0.922363 0.521973
vt 0.902832 0.498047
vt 0.900391 0.509766
vt 0.870605 0.062561
vt 0.903809 0.495117
vt 0.902832 0.498047
vt 0.870605 0.062561
vt 0.870605 0.062561
vt 0.904785 0.496338
vt 0.903809 0.495117
vt 0.870605 0.062561
vt 0.905762 0.498291
vt 0.904785 0.496338
vt 0.870605 0.062561
vt 0.912598 0.507813
vt 0.905762 0.498291
vt 0.933105 0.07312
vt 0.922363 0.521973
vt 0.916016 0.512695
vt 0.933105 0.07312
vt 0.916016 0.512695
vt 0.912598 0.507813
vt 0.933105 0.07312
vt 0.912598 0.507813
vt 0.870605 0.062561
vt 1 0.500488
vt 0.96875 0.537598
vt 0.937988 0.073425
vt 1 0.085815
vt 1 0.500488
vt 0.937988 0.073425
vt 0.125 0.026932
vt 0.067993 0.026932
vt 0.125 1
vt 0.125 1
vt 0.067993 0.026932
vt 0.003366 0.026932
vt 0.25 0.026932
vt 0.200684 0.026932
vt 0.25 1
vt 0.137085 0.026932
vt 0.128296 0.026932
vt 0.25 1
vt 0.200684 0.026932
vt 0.137085 0.026932
vt 0.25 1
vt 0.375 0.026932
vt 0.333496 0.026932
vt 0.375 1
vt 0.270508 0.026932
vt 0.253174 0.026932
vt 0.375 1
vt 0.333496 0.026932
vt 0.270508 0.026932
vt 0.375 1
vt 0.5 0.026932
vt 0.466309 0.026932
vt 0.5 1
vt 0.403809 0.026932
vt 0.378174 0.026932
vt 0.5 1
vt 0.466309 0.026932
vt 0.403809 0.026932
vt 0.5 1
vt 0.625 0.026932
vt 0.599121 0.026932
vt 0.625 1
vt 0.536621 0.026932
vt 0.50293 0.026932
vt 0.625 1
vt 0.599121 0.026932
vt 0.536621 0.026932
vt 0.625 1
vt 0.75 0.026932
vt 0.732422 0.026932
vt 0.75 1
vt 0.669434 0.026932
vt 0.62793 0.026932
vt 0.75 1
vt 0.732422 0.026932
vt 0.669434 0.026932
vt 0.75 1
vt 0.875 0.026932
vt 0.865723 0.026932
vt 0.875 1
vt 0.802246 0.026932
vt 0.75293 0.026932
vt 0.875 1
vt 0.865723 0.026932
vt 0.802246 0.026932
vt 0.875 1
vt 1 0.026932
vt 0.935059 0.026932
vt 1 1
vt 0.935059 0.026932
vt 0.87793 0.026932
vt 1 1
vn 0.866142 -0.393701 -0.283465
vn 0.866142 -0.393701 -0.283465
vn 0.866142 -0.393701 -0.283465
vn 0.866142 -0.393701 -0.283465
vn 0.866142 -0.393701 -0.283465
vn 0.866142 -0.393701 -0.283465
vn 0 1 0
vn 0 1 0
vn 0 1 0
vn 0.535433 -0.393701 -0.740157
vn 0.535433 -0.393701 -0.740157
vn 0.535433 -0.393701 -0.740157
vn 0.535433 -0.393701 -0.740157
vn 0.535433 -0.393701 -0.740157
vn 0.535433 -0.393701 -0.740157
vn 0 1 0
vn 0 1 0
vn 0 1 0
vn 0 -0.393701 -0.913386
vn 0 -0.393701 -0.913386
vn 0 -0.393701 -0.913386
vn 0 -0.393701 -0.913386
vn 0 -0.393701 -0.913386
vn 0 -0.393701 -0.913386
vn 0 1 0
vn 0 1 0
vn 0 1 0
vn -0.535433 -0.393701 -0.740157
vn -0.535433 -0.393701 -0.740157
vn -0.535433 -0.393701 -0.740157
vn -0.535433 -0.393701 -0.740157
vn -0.535433 -0.393701 -0.740157
vn -0.535433 -0.393701 -0.740157
vn -0.535433 -0.393701 -0.740157
vn -0.535433 -0.393701 -0.740157
vn -0.535433 -0.393701 -0.740157
vn 0 1 0
vn 0 1 0
vn 0 1 0
vn -0.866142 -0.393701 -0.283465
vn -0.866142 -0.393701 -0.283465
vn -0.866142 -0.393701 -0.283465
vn -0.866142 -0.393701 -0.283465
vn -0.866142 -0.393701 -0.283465
vn -0.866142 -0.393701 -0.283465
vn 0 1 0
vn 0 1 0
vn 0 1 0
vn -0.866142 -0.393701 0.283465
vn -0.866142 -0.393701 0.283465
vn -0.866142 -0.393701 0.283465
vn -0.866142 -0.393701 0.283465
vn -0.866142 -0.393701 0.283465
vn -0.866142 -0.393701 0.283465
vn 0 1 0
vn 0 1 0
vn 0 1 0
vn -0.535433 -0.393701 0.740157
vn -0.535433 -0.393701 0.740157
vn -0.535433 -0.393701 0.740157
vn -0.535433 -0.393701 0.740157
vn -0.535433 -0.393701 0.740157
vn -0.535433 -0.393701 0.740157
vn 0 1 0
vn 0 1 0
vn 0 1 0
vn 0 -0.393701 0.913386
vn 0 -0.393701 0.913386
vn 0 -0.393701 0.913386
vn 0 -0.393701 0.913386
vn 0 -0.393701 0.913386
vn 0 -0.393701 0.913386
vn 0 1 0
vn 0 1 0
vn 0 1 0
vn 0.535433 -0.393701 0.740157
vn 0.535433 -0.393701 0.740157
vn 0.535433 -0.393701 0.740157
vn 0.535433 -0.393701 0.740157
vn 0.535433 -0.393701 0.740157
vn 0.535433 -0.393701 0.740157
vn 0.535433 -0.393701 0.740157
vn 0.535433 -0.393701 0.740157
vn 0.535433 -0.393701 0.740157
vn 0 1 0
vn 0 1 0
vn 0 1 0
vn 0.866142 -0.393701 0.283465
vn 0.866142 -0.393701 0.283465
vn 0.866142 -0.393701 0.283465
vn 0.866142 -0.393701 0.283465
vn 0.866142 -0.393701 0.283465
vn 0.866142 -0.393701 0.283465
vn 0 1 0
vn 0 1 0
vn 0 1 0
vn 0 -1 0
vn 0 -1 0
vn 0 -1 0
vn 0 -1 0
vn 0 -1 0
vn 0 -1 0
vn 0 -1 0
vn 0 -1 0
vn 0 -1 0
vn 0 -1 0
vn 0 -1 0
vn 0 -1 0
vn 0 -1 0
vn 0 -1 0
vn 0 -1 0
vn 0 -1 0
vn 0 -1 0
vn 0 -1 0
vn 0 -1 0
vn 0 -1 0
vn 0 -1 0
vn 0 -1 0
vn 0 -1 0
vn 0 -1 0
vn 0 -1 0
vn 0 -1 0
vn 0 -1 0
vn 0 -1 0
vn 0 -1 0
vn 0 -1 0
vn 0.700787 0.700787 0.110236
vn 0.700787 0.700787 0.110236
vn 0.700787 0.700787 0.110236
vn 0.700787 0.700787 0.110236
vn 0.700787 0.700787 0.110236
vn 0.700787 0.700787 0.110236
vn 0 -1 0
vn 0 -1 0
vn 0 -1 0
vn 0.629921 0.700787 0.322835
vn 0.629921 0.700787 0.322835
vn 0.629921 0.700787 0.322835
vn 0.629921 0.700787 0.322835
vn 0.629921 0.700787 0.322835
vn 0.629921 0.700787 0.322835
vn 0 -1 0
vn 0 -1 0
vn 0 -1 0
vn 0.496063 0.700787 0.496063
vn 0.496063 0.700787 0.496063
vn 0.496063 0.700787 0.496063
vn 0.496063 0.700787 0.496063
vn 0.496063 0.700787 0.496063
vn 0.496063 0.700787 0.496063
vn 0.496063 0.700787 0.496063
vn 0.496063 0.700787 0.496063
vn 0.496063 0.700787 0.496063
vn 0.496063 0.700787 0.496063
vn 0.496063 0.700787 0.496063
vn 0.496063 0.700787 0.496063
vn 0.496063 0.700787 0.496063
vn 0.496063 0.700787 0.496063
vn 0.496063 0.700787 0.496063
vn 0 -1 0
vn 0 -1 0
vn 0 -1 0
vn 0.322835 0.700787 0.629921
vn 0.322835 0.700787 0.629921
vn 0.322835 0.700787 0.629921
vn 0.322835 0.700787 0.629921
vn 0.322835 0.700787 0.629921
vn 0.322835 0.700787 0.629921
vn 0 -1 0
vn 0 -1 0
vn 0 -1 0
vn 0.110236 0.700787 0.700787
vn 0.110236 0.700787 0.700787
vn 0.110236 0.700787 0.700787
vn 0.110236 0.700787 0.700787
vn 0.110236 0.700787 0.700787
vn 0.110236 0.700787 0.700787
vn 0 -1 0
vn 0 -1 0
vn 0 -1 0
vn -0.110236 0.700787 0.700787
vn -0.110236 0.700787 0.700787
vn -0.110236 0.700787 0.700787
vn -0.110236 0.700787 0.700787
vn -0.110236 0.700787 0.700787
vn -0.110236 0.700787 0.700787
vn 0 -1 0
vn 0 -1 0
vn 0 -1 0
vn -0.322835 0.700787 0.629921
vn -0.322835 0.700787 0.629921
vn -0.322835 0.700787 0.629921
vn -0.322835 0.700787 0.629921
vn -0.322835 0.700787 0.629921
vn -0.322835 0.700787 0.629921
vn 0 -1 0
vn 0 -1 0
vn 0 -1 0
vn -0.496063 0.700787 0.496063
vn -0.496063 0.700787 0.496063
vn -0.496063 0.700787 0.496063
vn -0.496063 0.700787 0.496063
vn -0.496063 0.700787 0.496063
vn -0.496063 0.700787 0.496063
vn -0.496063 0.700787 0.496063
vn -0.496063 0.700787 0.496063
vn -0.496063 0.700787 0.496063
vn -0.496063 0.700787 0.496063
vn -0.496063 0.700787 0.496063
vn -0.496063 0.700787 0.496063
vn -0.496063 0.700787 0.496063
vn -0.496063 0.700787 0.496063
vn -0.496063 0.700787 0.496063
vn 0 -1 0
vn 0 -1 0
vn 0 -1 0
vn -0.629921 0.700787 0.322835
vn -0.629921 0.700787 0.322835
vn -0.629921 0.700787 0.322835
vn -0.629921 0.700787 0.322835
vn -0.629921 0.700787 0.322835
vn -0.629921 0.700787 0.322835
vn 0 -1 0
vn 0 -1 0
vn 0 -1 0
vn -0.700787 0.700787 0.110236
vn -0.700787 0.700787 0.110236
vn -0.700787 0.700787 0.110236
vn -0.700787 0.700787 0.110236
vn -0.700787 0.700787 0.110236
vn -0.700787 0.700787 0.110236
vn 0 -1 0
vn 0 -1 0
vn 0 -1 0
vn -0.700787 0.700787 -0.110236
vn -0.700787 0.700787 -0.110236
vn -0.700787 0.700787 -0.110236
vn -0.700787 0.700787 -0.110236
vn -0.700787 0.700787 -0.110236
vn -0.700787 0.700787 -0.110236
vn 0 -1 0
vn 0 -1 0
vn 0 -1 0
vn -0.629921 0.700787 -0.322835
vn -0.629921 0.700787 -0.322835
vn -0.629921 0.700787 -0.322835
vn -0.629921 0.700787 -0.322835
vn -0.629921 0.700787 -0.322835
vn -0.629921 0.700787 -0.322835
vn 0 -1 0
vn 0 -1 0
vn 0 -1 0
vn -0.496063 0.700787 -0.496063
vn -0.496063 0.700787 -0.496063
vn -0.496063 0.700787 -0.496063
vn -0.496063 0.700787 -0.496063
vn -0.496063 0.700787 -0.496063
vn -0.496063 0.700787 -0.496063
vn -0.496063 0.700787 -0.496063
vn -0.496063 0.700787 -0.496063
vn -0.496063 0.700787 -0.496063
vn -0.496063 0.700787 -0.496063
vn -0.496063 0.700787 -0.496063
vn -0.496063 0.700787 -0.496063
vn -0.496063 0.700787 -0.496063
vn -0.496063 0.700787 -0.496063
vn -0.496063 0.700787 -0.496063
vn 0 -1 0
vn 0 -1 0
vn 0 -1 0
vn -0.322835 0.700787 -0.629921
vn -0.322835 0.700787 -0.629921
vn -0.322835 0.700787 -0.629921
vn -0.322835 0.700787 -0.629921
vn -0.322835 0.700787 -0.629921
vn -0.322835 0.700787 -0.629921
vn 0 -1 0
vn 0 -1 0
vn 0 -1 0
vn -0.110236 0.700787 -0.700787
vn -0.110236 0.700787 -0.700787
vn -0.110236 0.700787 -0.700787
vn -0.110236 0.700787 -0.700787
vn -0.110236 0.700787 -0.700787
vn -0.110236 0.700787 -0.700787
vn 0 -1 0
vn 0 -1 0
vn 0 -1 0
vn 0.110236 0.700787 -0.700787
vn 0.110236 0.700787 -0.700787
vn 0.110236 0.700787 -0.700787
vn 0.110236 0.700787 -0.700787
vn 0.110236 0.700787 -0.700787
vn 0.110236 0.700787 -0.700787
vn 0 -1 0
vn 0 -1 0
vn 0 -1 0
vn 0.322835 0.700787 -0.629921
vn 0.322835 0.700787 -0.629921
vn 0.322835 0.700787 -0.629921
vn 0.322835 0.700787 -0.629921
vn 0.322835 0.700787 -0.629921
vn 0.322835 0.700787 -0.629921
vn 0 -1 0
vn 0 -1 0
vn 0 -1 0
vn 0.496063 0.700787 -0.496063
vn 0.496063 0.700787 -0.496063
vn 0.496063 0.700787 -0.496063
vn 0.496063 0.700787 -0.496063
vn 0.496063 0.700787 -0.496063
vn 0.496063 0.700787 -0.496063
vn 0.496063 0.700787 -0.496063
vn 0.496063 0.700787 -0.496063
vn 0.496063 0.700787 -0.496063
vn 0.496063 0.700787 -0.496063
vn 0.496063 0.700787 -0.496063
vn 0.496063 0.700787 -0.496063
vn 0.496063 0.700787 -0.496063
vn 0.496063 0.700787 -0.496063
vn 0.496063 0.700787 -0.496063
vn 0 -1 0
vn 0 -1 0
vn 0 -1 0
vn 0.629921 0.700787 -0.322835
vn 0.629921 0.700787 -0.322835
vn 0.629921 0.700787 -0.322835
vn 0.629921 0.700787 -0.322835
vn 0.629921 0.700787 -0.322835
vn 0.629921 0.700787 -0.322835
vn 0 -1 0
vn 0 -1 0
vn 0 -1 0
vn 0.700787 0.700787 -0.110236
vn 0.700787 0.700787 -0.110236
vn 0.700787 0.700787 -0.110236
vn 0.700787 0.700787 -0.110236
vn 0.700787 0.700787 -0.110236
vn 0.700787 0.700787 -0.110236
vn 0 -1 0
vn 0 -1 0
vn 0 -1 0
vn 0 1 0
vn 0 1 0
vn 0 1 0
vn 0 1 0
vn 0 1 0
vn 0 1 0
vn 0 1 0
vn 0 1 0
vn 0 1 0
vn 0 1 0
vn 0 1 0
vn 0 1 0
vn 0 1 0
vn 0 1 0
vn 0 1 0
vn 0 1 0
vn 0 1 0
vn 0 1 0
vn 0 1 0
vn 0 1 0
vn 0 1 0
vn 0 1 0
vn 0 1 0
vn 0 1 0
vn 0 1 0
vn 0 1 0
vn 0 1 0
vn 0 1 0
vn 0 1 0
vn 0 1 0
vn 0 1 0
vn 0 1 0
vn 0 1 0
vn 0 1 0
vn 0 1 0
vn 0 1 0
vn 0 1 0
vn 0 1 0
vn 0 1 0
vn 0 1 0
vn 0 1 0
vn 0 1 0
vn 0 1 0
vn 0 1 0
vn 0 1 0
vn 0 1 0
vn 0 1 0
vn 0 1 0
vn 0 1 0
vn 0 1 0
vn 0 1 0
vn 0 1 0
vn 0 1 0
vn 0 1 0
vn 0 1 0
vn 0 1 0
vn 0 1 0
vn 0 1 0
vn 0 1 0
vn 0 1 0
vn 0 1 0
vn 0 1 0
vn 0 1 0
vn 0 1 0
vn 0 1 0
vn 0 1 0
vn 0 1 0
vn 0 1 0
vn 0 1 0
vn 0 1 0
vn 0 1 0
vn 0 1 0
vn 0 1 0
vn 0 1 0
vn 0 1 0
vn 0 1 0
vn 0 1 0
vn 0 1 0
vn 0 1 0
vn 0 1 0
vn 0 1 0
vn 0 1 0
vn 0 1 0
vn 0 1 0
vn 0 1 0
vn 0 1 0
vn 0 1 0
vn 0 1 0
vn 0 1 0
vn 0 1 0
vn 0 1 0
vn 0 1 0
vn 0 1 0
vn 0 1 0
vn 0 1 0
vn 0 1 0
vn 0 1 0
vn 0 1 0
vn 0 1 0
vn 0 1 0
vn 0 1 0
vn 0 1 0
vn 0 1 0
vn 0 1 0
vn 0 1 0
vn 0 1 0
vn 0 1 0
vn 0 1 0
vn 0 1 0
vn 0 1 0
vn 0 1 0
vn 0 1 0
vn 0 1 0
vn 0 1 0
vn 0 1 0
vn 0 1 0
vn 0 1 0
vn 0 1 0
vn 0 1 0
vn 0 1 0
vn 0 1 0
vn 0 1 0
vn 0 1 0
vn 0 1 0
vn 0 1 0
vn 0 1 0
vn 0 1 0
vn 0 1 0
vn 0 1 0
vn 0.92126 0 0.377953
vn 0.92126 0 0.377953
vn 0.92126 0 0.377953
vn 0.92126 0 0.377953
vn 0.92126 0 0.377953
vn 0.92126 0 0.377953
vn 0.92126 0 0.377953
vn 0.92126 0 0.377953
vn 0.92126 0 0.377953
vn 0.92126 0 0.377953
vn 0.92126 0 0.377953
vn 0.92126 0 0.377953
vn 0.92126 0 0.377953
vn 0.92126 0 0.377953
vn 0.92126 0 0.377953
vn 0.92126 0 0.377953
vn 0.92126 0 0.377953
vn 0.92126 0 0.377953
vn 0.92126 0 0.377953
vn 0.92126 0 0.377953
vn 0.92126 0 0.377953
vn 0.92126 0 0.377953
vn 0.92126 0 0.377953
vn 0.92126 0 0.377953
vn 0.92126 0 0.377953
vn 0.92126 0 0.377953
vn 0.92126 0 0.377953
vn 0.92126 0 0.377953
vn 0.92126 0 0.377953
vn 0.92126 0 0.377953
vn 0.92126 0 0.377953
vn 0.92126 0 0.377953
vn 0.92126 0 0.377953
vn 0.92126 0 0.377953
vn 0.92126 0 0.377953
vn 0.92126 0 0.377953
vn 0.92126 0 0.377953
vn 0.92126 0 0.377953
vn 0.92126 0 0.377953
vn 0.92126 0 0.377953
vn 0.92126 0 0.377953
vn 0.92126 0 0.377953
vn 0.377953 0 0.92126
vn 0.377953 0 0.92126
vn 0.377953 0 0.92126
vn 0.377953 0 0.92126
vn 0.377953 0 0.92126
vn 0.377953 0 0.92126
vn 0.377953 0 0.92126
vn 0.377953 0 0.92126
vn 0.377953 0 0.92126
vn 0.377953 0 0.92126
vn 0.377953 0 0.92126
vn 0.377953 0 0.92126
vn 0.377953 0 0.92126
vn 0.377953 0 0.92126
vn 0.377953 0 0.92126
vn 0.377953 0 0.92126
vn 0.377953 0 0.92126
vn 0.377953 0 0.92126
vn 0.377953 0 0.92126
vn 0.377953 0 0.92126
vn 0.377953 0 0.92126
vn 0.377953 0 0.92126
vn 0.377953 0 0.92126
vn 0.377953 0 0.92126
vn 0.377953 0 0.92126
vn 0.377953 0 0.92126
vn 0.377953 0 0.92126
vn 0.377953 0 0.92126
vn 0.377953 0 0.92126
vn 0.377953 0 0.92126
vn 0.377953 0 0.92126
vn 0.377953 0 0.92126
vn 0.377953 0 0.92126
vn 0.377953 0 0.92126
vn 0.377953 0 0.92126
vn 0.377953 0 0.92126
vn -0.377953 0 0.92126
vn -0.377953 0 0.92126
vn -0.377953 0 0.92126
vn -0.377953 0 0.92126
vn -0.377953 0 0.92126
vn -0.377953 0 0.92126
vn -0.377953 0 0.92126
vn -0.377953 0 0.92126
vn -0.377953 0 0.92126
vn -0.377953 0 0.92126
vn -0.377953 0 0.92126
vn -0.377953 0 0.92126
vn -0.377953 0 0.92126
vn -0.377953 0 0.92126
vn -0.377953 0 0.92126
vn -0.377953 0 0.92126
vn -0.377953 0 0.92126
vn -0.377953 0 0.92126
vn -0.377953 0 0.92126
vn -0.377953 0 0.92126
vn -0.377953 0 0.92126
vn -0.377953 0 0.92126
vn -0.377953 0 0.92126
vn -0.377953 0 0.92126
vn -0.377953 0 0.92126
vn -0.377953 0 0.92126
vn -0.377953 0 0.92126
vn -0.377953 0 0.92126
vn -0.377953 0 0.92126
vn -0.377953 0 0.92126
vn -0.377953 0 0.92126
vn -0.377953 0 0.92126
vn -0.377953 0 0.92126
vn -0.377953 0 0.92126
vn -0.377953 0 0.92126
vn -0.377953 0 0.92126
vn -0.377953 0 0.92126
vn -0.377953 0 0.92126
vn -0.377953 0 0.92126
vn -0.307087 0 0.944882
vn -0.307087 0 0.944882
vn -0.307087 0 0.944882
vn -0.377953 0 0.92126
vn -0.377953 0 0.92126
vn -0.377953 0 0.92126
vn -0.377953 0 0.92126
vn -0.377953 0 0.92126
vn -0.377953 0 0.92126
vn -0.377953 0 0.92126
vn -0.377953 0 0.92126
vn -0.377953 0 0.92126
vn -0.377953 0 0.92126
vn -0.377953 0 0.92126
vn -0.377953 0 0.92126
vn -0.377953 0 0.92126
vn -0.377953 0 0.92126
vn -0.377953 0 0.92126
vn -0.92126 0 0.377953
vn -0.92126 0 0.377953
vn -0.92126 0 0.377953
vn -0.92126 0 0.377953
vn -0.92126 0 0.377953
vn -0.92126 0 0.377953
vn -0.92126 0 0.377953
vn -0.92126 0 0.377953
vn -0.92126 0 0.377953
vn -0.92126 0 0.377953
vn -0.92126 0 0.377953
vn -0.92126 0 0.377953
vn -0.92126 0 0.377953
vn -0.92126 0 0.377953
vn -0.92126 0 0.377953
vn -0.92126 0 0.370079
vn -0.92126 0 0.370079
vn -0.92126 0 0.370079
vn -0.92126 0 0.377953
vn -0.92126 0 0.377953
vn -0.92126 0 0.377953
vn -0.92126 0 0.377953
vn -0.92126 0 0.377953
vn -0.92126 0 0.377953
vn -0.92126 0 0.377953
vn -0.92126 0 0.377953
vn -0.92126 0 0.377953
vn -0.92126 0 0.377953
vn -0.92126 0 0.377953
vn -0.92126 0 0.377953
vn -0.92126 0 0.377953
vn -0.92126 0 0.377953
vn -0.92126 0 0.377953
vn -0.92126 0 0.377953
vn -0.92126 0 0.377953
vn -0.92126 0 0.377953
vn -0.92126 0 0.377953
vn -0.92126 0 0.377953
vn -0.92126 0 0.377953
vn -0.92126 0 0.377953
vn -0.92126 0 0.377953
vn -0.92126 0 0.377953
vn -0.92126 0 -0.377953
vn -0.92126 0 -0.377953
vn -0.92126 0 -0.377953
vn -0.92126 0 -0.377953
vn -0.92126 0 -0.377953
vn -0.92126 0 -0.377953
vn -0.92126 0 -0.377953
vn -0.92126 0 -0.377953
vn -0.92126 0 -0.377953
vn -0.92126 0 -0.377953
vn -0.92126 0 -0.377953
vn -0.92126 0 -0.377953
vn -0.92126 0 -0.377953
vn -0.92126 0 -0.377953
vn -0.92126 0 -0.377953
vn -0.92126 0 -0.377953
vn -0.92126 0 -0.377953
vn -0.92126 0 -0.377953
vn -0.92126 0 -0.377953
vn -0.92126 0 -0.377953
vn -0.92126 0 -0.377953
vn -0.92126 0 -0.377953
vn -0.92126 0 -0.377953
vn -0.92126 0 -0.377953
vn -0.92126 0 -0.377953
vn -0.92126 0 -0.377953
vn -0.92126 0 -0.377953
vn -0.92126 0 -0.377953
vn -0.92126 0 -0.377953
vn -0.92126 0 -0.377953
vn -0.92126 0 -0.377953
vn -0.92126 0 -0.377953
vn -0.92126 0 -0.377953
vn -0.92126 0 -0.377953
vn -0.92126 0 -0.377953
vn -0.92126 0 -0.377953
vn -0.92126 0 -0.377953
vn -0.92126 0 -0.377953
vn -0.92126 0 -0.377953
vn -0.92126 0 -0.377953
vn -0.92126 0 -0.377953
vn -0.92126 0 -0.377953
vn -0.92126 0 -0.377953
vn -0.92126 0 -0.377953
vn -0.92126 0 -0.377953
vn -0.92126 0 -0.377953
vn -0.92126 0 -0.377953
vn -0.92126 0 -0.377953
vn -0.944882 0 -0.307087
vn -0.944882 0 -0.307087
vn -0.944882 0 -0.307087
vn -0.377953 0 -0.92126
vn -0.377953 0 -0.92126
vn -0.377953 0 -0.92126
vn -0.377953 0 -0.92126
vn -0.377953 0 -0.92126
vn -0.377953 0 -0.92126
vn -0.377953 0 -0.92126
vn -0.377953 0 -0.92126
vn -0.377953 0 -0.92126
vn -0.377953 0 -0.92126
vn -0.377953 0 -0.92126
vn -0.377953 0 -0.92126
vn -0.377953 0 -0.92126
vn -0.377953 0 -0.92126
vn -0.377953 0 -0.92126
vn -0.377953 0 -0.92126
vn -0.377953 0 -0.92126
vn -0.377953 0 -0.92126
vn -0.377953 0 -0.92126
vn -0.377953 0 -0.92126
vn -0.377953 0 -0.92126
vn -0.377953 0 -0.92126
vn -0.377953 0 -0.92126
vn -0.377953 0 -0.92126
vn -0.377953 0 -0.92126
vn -0.377953 0 -0.92126
vn -0.377953 0 -0.92126
vn -0.377953 0 -0.92126
vn -0.377953 0 -0.92126
vn -0.377953 0 -0.92126
vn -0.377953 0 -0.92126
vn -0.377953 0 -0.92126
vn -0.377953 0 -0.92126
vn -0.377953 0 -0.92126
vn -0.377953 0 -0.92126
vn -0.377953 0 -0.92126
vn 0.377953 0 -0.92126
vn 0.377953 0 -0.92126
vn 0.377953 0 -0.92126
vn 0.377953 0 -0.92126
vn 0.377953 0 -0.92126
vn 0.377953 0 -0.92126
vn 0.377953 0 -0.92126
vn 0.377953 0 -0.92126
vn 0.377953 0 -0.92126
vn 0.377953 0 -0.92126
vn 0.377953 0 -0.92126
vn 0.377953 0 -0.92126
vn 0.377953 0 -0.92126
vn 0.377953 0 -0.92126
vn 0.377953 0 -0.92126
vn 0.377953 0 -0.92126
vn 0.377953 0 -0.92126
vn 0.377953 0 -0.92126
vn 0.377953 0 -0.92126
vn 0.377953 0 -0.92126
vn 0.377953 0 -0.92126
vn 0.377953 0 -0.92126
vn 0.377953 0 -0.92126
vn 0.377953 0 -0.92126
vn 0.377953 0 -0.92126
vn 0.377953 0 -0.92126
vn 0.377953 0 -0.92126
vn 0.377953 0 -0.92126
vn 0.377953 0 -0.92126
vn 0.377953 0 -0.92126
vn 0.377953 0 -0.92126
vn 0.377953 0 -0.92126
vn 0.377953 0 -0.92126
vn 0.370079 0 -0.92126
vn 0.370079 0 -0.92126
vn 0.370079 0 -0.92126
vn 0.307087 0 -0.944882
vn 0.307087 0 -0.944882
vn 0.307087 0 -0.944882
vn 0.377953 0 -0.92126
vn 0.377953 0 -0.92126
vn 0.377953 0 -0.92126
vn 0.377953 0 -0.92126
vn 0.377953 0 -0.92126
vn 0.377953 0 -0.92126
vn 0.377953 0 -0.92126
vn 0.377953 0 -0.92126
vn 0.377953 0 -0.92126
vn 0.377953 0 -0.92126
vn 0.377953 0 -0.92126
vn 0.377953 0 -0.92126
vn 0.377953 0 -0.92126
vn 0.377953 0 -0.92126
vn 0.377953 0 -0.92126
vn 0.92126 0 -0.377953
vn 0.92126 0 -0.377953
vn 0.92126 0 -0.377953
vn 0.92126 0 -0.377953
vn 0.92126 0 -0.377953
vn 0.92126 0 -0.377953
vn 0.92126 0 -0.377953
vn 0.92126 0 -0.377953
vn 0.92126 0 -0.377953
vn 0.92126 0 -0.377953
vn 0.92126 0 -0.377953
vn 0.92126 0 -0.377953
vn 0.92126 0 -0.377953
vn 0.92126 0 -0.377953
vn 0.92126 0 -0.377953
vn 0.92126 0 -0.377953
vn 0.92126 0 -0.377953
vn 0.92126 0 -0.377953
vn 0.92126 0 -0.377953
vn 0.92126 0 -0.377953
vn 0.92126 0 -0.377953
vn 0.929134 -0.322835 -0.11811
vn 0.929134 -0.322835 -0.11811
vn 0.929134 -0.322835 -0.11811
vn 0.92126 0 -0.377953
vn 0.92126 0 -0.377953
vn 0.92126 0 -0.377953
vn 0.92126 0 -0.377953
vn 0.92126 0 -0.377953
vn 0.92126 0 -0.377953
vn 0.92126 0 -0.377953
vn 0.92126 0 -0.377953
vn 0.92126 0 -0.377953
vn 0.92126 0 -0.377953
vn 0.92126 0 -0.377953
vn 0.92126 0 -0.377953
vn 0.976378 0 0.204724
vn 0.976378 0 0.204724
vn 0.976378 0 0.204724
vn 0.976378 0 0.204724
vn 0.976378 0 0.204724
vn 0.976378 0 0.204724
vn 0.976378 0 0.204724
vn 0.976378 0 0.204724
vn 0.976378 0 0.204724
vn 0.976378 0 0.204724
vn 0.976378 0 0.204724
vn 0.976378 0 0.204724
vn 0.976378 0 0.204724
vn 0.976378 0 0.204724
vn 0.976378 0 0.204724
vn 0.976378 0 0.204724
vn 0.976378 0 0.204724
vn 0.976378 0 0.204724
vn 0 -1 0
vn 0 -1 0
vn 0 -1 0
vn 0 -1 0
vn 0 -1 0
vn 0 -1 0
vn 0 1 0
vn 0 1 0
vn 0 1 0
vn 0 1 0
vn 0 1 0
vn 0 1 0
vn 0.80315 0 0.582677
vn 0.80315 0 0.582677
vn 0.80315 0 0.582677
vn 0.80315 0 0.582677
vn 0.80315 0 0.582677
vn 0.80315 0 0.582677
vn 0.80315 0 0.582677
vn 0.80315 0 0.582677
vn 0.80315 0 0.582677
vn 0.80315 -0.015748 0.590551
vn 0.80315 -0.015748 0.590551
vn 0.80315 -0.015748 0.590551
vn 0.80315 -0.015748 0.590551
vn 0.80315 -0.015748 0.590551
vn 0.80315 -0.015748 0.590551
vn 0.80315 0 0.582677
vn 0.80315 0 0.582677
vn 0.80315 0 0.582677
vn 0 -1 0
vn 0 -1 0
vn 0 -1 0
vn 0 -1 0
vn 0 -1 0
vn 0 -1 0
vn 0 1 0
vn 0 1 0
vn 0 1 0
vn 0 1 0
vn 0 1 0
vn 0 1 0
vn 0 1 0
vn 0 1 0
vn 0 1 0
vn 0.496063 0 0.858268
vn 0.496063 0 0.858268
vn 0.496063 0 0.858268
vn 0.496063 0 0.858268
vn 0.496063 0 0.858268
vn 0.496063 0 0.858268
vn 0.496063 0 0.858268
vn 0.496063 0 0.858268
vn 0.496063 0 0.858268
vn 0.488189 -0.015748 0.866142
vn 0.488189 -0.015748 0.866142
vn 0.488189 -0.015748 0.866142
vn 0.488189 -0.015748 0.866142
vn 0.488189 -0.015748 0.866142
vn 0.488189 -0.015748 0.866142
vn 0.496063 0 0.858268
vn 0.496063 0 0.858268
vn 0.496063 0 0.858268
vn 0 -1 0
vn 0 -1 0
vn 0 -1 0
vn 0 -1 0
vn 0 -1 0
vn 0 -1 0
vn 0 1 0
vn 0 1 0
vn 0 1 0
vn 0 1 0
vn 0 1 0
vn 0 1 0
vn 0.102362 0 0.992126
vn 0.102362 0 0.992126
vn 0.102362 0 0.992126
vn 0.102362 0 0.992126
vn 0.102362 0 0.992126
vn 0.102362 0 0.992126
vn 0.102362 0 0.992126
vn 0.102362 0 0.992126
vn 0.102362 0 0.992126
vn 0.102362 0 0.992126
vn 0.102362 0 0.992126
vn 0.102362 0 0.992126
vn 0.102362 0 0.992126
vn 0.102362 0 0.992126
vn 0.102362 0 0.992126
vn 0.094488 -0.007874 0.992126
vn 0.094488 -0.007874 0.992126
vn 0.094488 -0.007874 0.992126
vn 0.094488 -0.007874 0.992126
vn 0.094488 -0.007874 0.992126
vn 0.094488 -0.007874 0.992126
vn 0.141732 0.141732 0.976378
vn 0.141732 0.141732 0.976378
vn 0.141732 0.141732 0.976378
vn 0.102362 0 0.992126
vn 0.102362 0 0.992126
vn 0.102362 0 0.992126
vn 0 -1 0
vn 0 -1 0
vn 0 -1 0
vn 0 -1 0
vn 0 -1 0
vn 0 -1 0
vn 0 1 0
vn 0 1 0
vn 0 1 0
vn 0 1 0
vn 0 1 0
vn 0 1 0
vn 0 1 0
vn 0 1 0
vn 0 1 0
vn -0.307087 0 0.944882
vn -0.307087 0 0.944882
vn -0.307087 0 0.944882
vn -0.307087 0 0.944882
vn -0.307087 0 0.944882
vn -0.307087 0 0.944882
vn -0.307087 0 0.944882
vn -0.307087 0 0.944882
vn -0.307087 0 0.944882
vn -0.307087 0 0.944882
vn -0.307087 0 0.944882
vn -0.307087 0 0.944882
vn -0.307087 0 0.944882
vn -0.307087 0 0.944882
vn -0.307087 0 0.944882
vn -0.307087 0 0.944882
vn -0.307087 0 0.944882
vn -0.307087 0 0.944882
vn 0 -1 0
vn 0 -1 0
vn 0 -1 0
vn 0 -1 0
vn 0 -1 0
vn 0 -1 0
vn 0 1 0
vn 0 1 0
vn 0 1 0
vn 0 1 0
vn 0 1 0
vn 0 1 0
vn -0.661417 0 0.740157
vn -0.661417 0 0.740157
vn -0.661417 0 0.740157
vn -0.661417 0 0.740157
vn -0.661417 0 0.740157
vn -0.661417 0 0.740157
vn -0.661417 0 0.740157
vn -0.661417 0 0.740157
vn -0.661417 0 0.740157
vn -0.661417 0 0.740157
vn -0.661417 0 0.740157
vn -0.661417 0 0.740157
vn -0.661417 0 0.740157
vn -0.661417 0 0.740157
vn -0.661417 0 0.740157
vn -0.661417 0 0.740157
vn -0.661417 0 0.740157
vn -0.661417 0 0.740157
vn 0 -1 0
vn 0 -1 0
vn 0 -1 0
vn 0 -1 0
vn 0 -1 0
vn 0 -1 0
vn 0 1 0
vn 0 1 0
vn 0 1 0
vn 0 1 0
vn 0 1 0
vn 0 1 0
vn 0 1 0
vn 0 1 0
vn 0 1 0
vn -0.913386 0 0.401575
vn -0.913386 0 0.401575
vn -0.913386 0 0.401575
vn -0.913386 0 0.401575
vn -0.913386 0 0.401575
vn -0.913386 0 0.401575
vn -0.913386 0 0.401575
vn -0.913386 0 0.401575
vn -0.913386 0 0.401575
vn -0.913386 -0.023622 0.393701
vn -0.913386 -0.023622 0.393701
vn -0.913386 -0.023622 0.393701
vn -0.913386 -0.023622 0.393701
vn -0.913386 -0.023622 0.393701
vn -0.913386 -0.023622 0.393701
vn -0.913386 0 0.401575
vn -0.913386 0 0.401575
vn -0.913386 0 0.401575
vn 0 -1 0
vn 0 -1 0
vn 0 -1 0
vn 0 -1 0
vn 0 -1 0
vn 0 -1 0
vn 0 1 0
vn 0 1 0
vn 0 1 0
vn 0 1 0
vn 0 1 0
vn 0 1 0
vn -1 0 0
vn -1 0 0
vn -1 0 0
vn -1 0 0
vn -1 0 0
vn -1 0 0
vn -1 0 0
vn -1 0 0
vn -1 0 0
vn -1 0 0
vn -1 0 0
vn -1 0 0
vn -1 0 0
vn -1 0 0
vn -1 0 0
vn -1 0 0
vn -1 0 0
vn -1 0 0
vn 0 -1 0
vn 0 -1 0
vn 0 -1 0
vn 0 -1 0
vn 0 -1 0
vn 0 -1 0
vn 0 1 0
vn 0 1 0
vn 0 1 0
vn 0 1 0
vn 0 1 0
vn 0 1 0
vn 0 1 0
vn 0 1 0
vn 0 1 0
vn -0.913386 0 -0.401575
vn -0.913386 0 -0.401575
vn -0.913386 0 -0.401575
vn -0.913386 0 -0.401575
vn -0.913386 0 -0.401575
vn -0.913386 0 -0.401575
vn 0 -1 0
vn 0 -1 0
vn 0 -1 0
vn 0 -1 0
vn 0 -1 0
vn 0 -1 0
vn 0 1 0
vn 0 1 0
vn 0 1 0
vn 0 1 0
vn 0 1 0
vn 0 1 0
vn -0.661417 0 -0.740157
vn -0.661417 0 -0.740157
vn -0.661417 0 -0.740157
vn -0.661417 0 -0.740157
vn -0.661417 0 -0.740157
vn -0.661417 0 -0.740157
vn 0 -1 0
vn 0 -1 0
vn 0 -1 0
vn 0 -1 0
vn 0 -1 0
vn 0 -1 0
vn 0 1 0
vn 0 1 0
vn 0 1 0
vn 0 1 0
vn 0 1 0
vn 0 1 0
vn 0 1 0
vn 0 1 0
vn 0 1 0
vn -0.307087 0 -0.944882
vn -0.307087 0 -0.944882
vn -0.307087 0 -0.944882
vn -0.307087 0 -0.944882
vn -0.307087 0 -0.944882
vn -0.307087 0 -0.944882
vn 0 -1 0
vn 0 -1 0
vn 0 -1 0
vn 0 -1 0
vn 0 -1 0
vn 0 -1 0
vn 0 1 0
vn 0 1 0
vn 0 1 0
vn 0 1 0
vn 0 1 0
vn 0 1 0
vn 0.102362 0 -0.992126
vn 0.102362 0 -0.992126
vn 0.102362 0 -0.992126
vn 0.102362 0 -0.992126
vn 0.102362 0 -0.992126
vn 0.102362 0 -0.992126
vn 0 -1 0
vn 0 -1 0
vn 0 -1 0
vn 0 -1 0
vn 0 -1 0
vn 0 -1 0
vn 0 1 0
vn 0 1 0
vn 0 1 0
vn 0 1 0
vn 0 1 0
vn 0 1 0
vn 0 1 0
vn 0 1 0
vn 0 1 0
vn 0.496063 0 -0.858268
vn 0.496063 0 -0.858268
vn 0.496063 0 -0.858268
vn 0.496063 0 -0.858268
vn 0.496063 0 -0.858268
vn 0.496063 0 -0.858268
vn 0 -1 0
vn 0 -1 0
vn 0 -1 0
vn 0 -1 0
vn 0 -1 0
vn 0 -1 0
vn 0 1 0
vn 0 1 0
vn 0 1 0
vn 0 1 0
vn 0 1 0
vn 0 1 0
vn 0.80315 0 -0.582677
vn 0.80315 0 -0.582677
vn 0.80315 0 -0.582677
vn 0.80315 0 -0.582677
vn 0.80315 0 -0.582677
vn 0.80315 0 -0.582677
vn 0 -1 0
vn 0 -1 0
vn 0 -1 0
vn 0 -1 0
vn 0 -1 0
vn 0 -1 0
vn 0 1 0
vn 0 1 0
vn 0 1 0
vn 0 1 0
vn 0 1 0
vn 0 1 0
vn 0 1 0
vn 0 1 0
vn 0 1 0
vn 0.976378 0 -0.204724
vn 0.976378 0 -0.204724
vn 0.976378 0 -0.204724
vn 0.976378 0 -0.204724
vn 0.976378 0 -0.204724
vn 0.976378 0 -0.204724
vn 0 -1 0
vn 0 -1 0
vn 0 -1 0
vn 0 -1 0
vn 0 -1 0
vn 0 -1 0
vn 0 1 0
vn 0 1 0
vn 0 1 0
vn 0 1 0
vn 0 1 0
vn 0 1 0
vn 0.23622 -0.96063 -0.055118
vn 0.23622 -0.96063 -0.055118
vn 0.23622 -0.96063 -0.055118
vn 0.23622 -0.96063 -0.055118
vn 0.23622 -0.96063 -0.055118
vn 0.23622 -0.96063 -0.055118
vn 0.23622 -0.96063 -0.055118
vn 0.23622 -0.96063 -0.055118
vn 0.23622 -0.96063 -0.055118
vn 0.23622 -0.96063 -0.055118
vn 0.23622 -0.96063 -0.055118
vn 0.23622 -0.96063 -0.055118
vn 0.23622 -0.96063 -0.055118
vn 0.23622 -0.96063 -0.055118
vn 0.23622 -0.96063 -0.055118
vn 0.23622 -0.96063 -0.055118
vn 0.23622 -0.96063 -0.055118
vn 0.23622 -0.96063 -0.055118
vn 0.19685 -0.96063 -0.149606
vn 0.19685 -0.96063 -0.149606
vn 0.19685 -0.96063 -0.149606
vn 0.19685 -0.96063 -0.149606
vn 0.19685 -0.96063 -0.149606
vn 0.19685 -0.96063 -0.149606
vn 0.19685 -0.96063 -0.149606
vn 0.19685 -0.96063 -0.149606
vn 0.19685 -0.96063 -0.149606
vn 0.19685 -0.96063 -0.149606
vn 0.19685 -0.96063 -0.149606
vn 0.19685 -0.96063 -0.149606
vn 0.19685 -0.96063 -0.149606
vn 0.19685 -0.96063 -0.149606
vn 0.19685 -0.96063 -0.149606
vn 0.11811 -0.96063 -0.220472
vn 0.11811 -0.96063 -0.220472
vn 0.11811 -0.96063 -0.220472
vn 0.11811 -0.96063 -0.220472
vn 0.11811 -0.96063 -0.220472
vn 0.11811 -0.96063 -0.220472
vn 0.11811 -0.96063 -0.220472
vn 0.11811 -0.96063 -0.220472
vn 0.11811 -0.96063 -0.220472
vn 0.11811 -0.96063 -0.220472
vn 0.11811 -0.96063 -0.220472
vn 0.11811 -0.96063 -0.220472
vn 0.11811 -0.96063 -0.220472
vn 0.11811 -0.96063 -0.220472
vn 0.11811 -0.96063 -0.220472
vn 0.023622 -0.96063 -0.251969
vn 0.023622 -0.96063 -0.251969
vn 0.023622 -0.96063 -0.251969
vn 0.023622 -0.96063 -0.251969
vn 0.023622 -0.96063 -0.251969
vn 0.023622 -0.96063 -0.251969
vn 0.023622 -0.96063 -0.251969
vn 0.023622 -0.96063 -0.251969
vn 0.023622 -0.96063 -0.251969
vn 0.023622 -0.96063 -0.251969
vn 0.023622 -0.96063 -0.251969
vn 0.023622 -0.96063 -0.251969
vn -0.070866 -0.96063 -0.23622
vn -0.070866 -0.96063 -0.23622
vn -0.070866 -0.96063 -0.23622
vn -0.070866 -0.96063 -0.23622
vn -0.070866 -0.96063 -0.23622
vn -0.070866 -0.96063 -0.23622
vn -0.070866 -0.96063 -0.23622
vn -0.070866 -0.96063 -0.23622
vn -0.070866 -0.96063 -0.23622
vn -0.070866 -0.96063 -0.23622
vn -0.070866 -0.96063 -0.23622
vn -0.070866 -0.96063 -0.23622
vn -0.165354 -0.96063 -0.188976
vn -0.165354 -0.96063 -0.188976
vn -0.165354 -0.96063 -0.188976
vn -0.165354 -0.96063 -0.188976
vn -0.165354 -0.96063 -0.188976
vn -0.165354 -0.96063 -0.188976
vn -0.165354 -0.96063 -0.188976
vn -0.165354 -0.96063 -0.188976
vn -0.165354 -0.96063 -0.188976
vn -0.165354 -0.96063 -0.188976
vn -0.165354 -0.96063 -0.188976
vn -0.165354 -0.96063 -0.188976
vn -0.165354 -0.96063 -0.188976
vn -0.165354 -0.96063 -0.188976
vn -0.165354 -0.96063 -0.188976
vn -0.165354 -0.96063 -0.188976
vn -0.165354 -0.96063 -0.188976
vn -0.165354 -0.96063 -0.188976
vn -0.165354 -0.96063 -0.188976
vn -0.165354 -0.96063 -0.188976
vn -0.165354 -0.96063 -0.188976
vn -0.165354 -0.96063 -0.188976
vn -0.165354 -0.96063 -0.188976
vn -0.165354 -0.96063 -0.188976
vn -0.165354 -0.96063 -0.188976
vn -0.165354 -0.96063 -0.188976
vn -0.165354 -0.96063 -0.188976
vn -0.220472 -0.96063 -0.102362
vn -0.220472 -0.96063 -0.102362
vn -0.220472 -0.96063 -0.102362
vn -0.220472 -0.96063 -0.102362
vn -0.220472 -0.96063 -0.102362
vn -0.220472 -0.96063 -0.102362
vn -0.220472 -0.96063 -0.102362
vn -0.220472 -0.96063 -0.102362
vn -0.220472 -0.96063 -0.102362
vn -0.244094 -0.968504 -0.007874
vn -0.244094 -0.968504 -0.007874
vn -0.244094 -0.968504 -0.007874
vn -0.244094 -0.968504 -0.007874
vn -0.244094 -0.968504 -0.007874
vn -0.244094 -0.968504 -0.007874
vn -0.244094 -0.968504 -0.007874
vn -0.244094 -0.968504 -0.007874
vn -0.244094 -0.968504 -0.007874
vn -0.244094 -0.968504 -0.007874
vn -0.244094 -0.968504 -0.007874
vn -0.244094 -0.968504 -0.007874
vn -0.244094 -0.968504 -0.007874
vn -0.244094 -0.968504 -0.007874
vn -0.244094 -0.968504 -0.007874
vn -0.244094 -0.968504 -0.007874
vn -0.244094 -0.968504 -0.007874
vn -0.244094 -0.968504 -0.007874
vn -0.220472 -0.968504 0.086614
vn -0.220472 -0.968504 0.086614
vn -0.220472 -0.968504 0.086614
vn -0.220472 -0.968504 0.086614
vn -0.220472 -0.968504 0.086614
vn -0.220472 -0.968504 0.086614
vn -0.220472 -0.968504 0.086614
vn -0.220472 -0.968504 0.086614
vn -0.220472 -0.968504 0.086614
vn -0.220472 -0.968504 0.086614
vn -0.220472 -0.968504 0.086614
vn -0.220472 -0.968504 0.086614
vn -0.165354 -0.968504 0.173228
vn -0.165354 -0.968504 0.173228
vn -0.165354 -0.968504 0.173228
vn -0.165354 -0.968504 0.173228
vn -0.165354 -0.968504 0.173228
vn -0.165354 -0.968504 0.173228
vn -0.165354 -0.968504 0.173228
vn -0.165354 -0.968504 0.173228
vn -0.165354 -0.968504 0.173228
vn -0.165354 -0.968504 0.173228
vn -0.165354 -0.968504 0.173228
vn -0.165354 -0.968504 0.173228
vn -0.165354 -0.968504 0.173228
vn -0.165354 -0.968504 0.173228
vn -0.165354 -0.968504 0.173228
vn -0.165354 -0.968504 0.173228
vn -0.165354 -0.968504 0.173228
vn -0.165354 -0.968504 0.173228
vn -0.165354 -0.968504 0.173228
vn -0.165354 -0.968504 0.173228
vn -0.165354 -0.968504 0.173228
vn -0.165354 -0.968504 0.173228
vn -0.165354 -0.968504 0.173228
vn -0.165354 -0.968504 0.173228
vn -0.165354 -0.968504 0.173228
vn -0.165354 -0.968504 0.173228
vn -0.165354 -0.968504 0.173228
vn -0.070866 -0.968504 0.220472
vn -0.070866 -0.968504 0.220472
vn -0.070866 -0.968504 0.220472
vn -0.070866 -0.968504 0.220472
vn -0.070866 -0.968504 0.220472
vn -0.070866 -0.968504 0.220472
vn 0.023622 -0.968504 0.23622
vn 0.023622 -0.968504 0.23622
vn 0.023622 -0.968504 0.23622
vn 0.023622 -0.968504 0.23622
vn 0.023622 -0.968504 0.23622
vn 0.023622 -0.968504 0.23622
vn 0.023622 -0.968504 0.23622
vn 0.023622 -0.968504 0.23622
vn 0.023622 -0.968504 0.23622
vn 0.023622 -0.968504 0.23622
vn 0.023622 -0.968504 0.23622
vn 0.023622 -0.968504 0.23622
vn 0.023622 -0.968504 0.23622
vn 0.023622 -0.968504 0.23622
vn 0.023622 -0.968504 0.23622
vn 0.023622 -0.968504 0.23622
vn 0.023622 -0.968504 0.23622
vn 0.023622 -0.968504 0.23622
vn 0.11811 -0.968504 0.204724
vn 0.11811 -0.968504 0.204724
vn 0.11811 -0.968504 0.204724
vn 0.11811 -0.968504 0.204724
vn 0.11811 -0.968504 0.204724
vn 0.11811 -0.968504 0.204724
vn 0.19685 -0.968504 0.133858
vn 0.19685 -0.968504 0.133858
vn 0.19685 -0.968504 0.133858
vn 0.19685 -0.968504 0.133858
vn 0.19685 -0.968504 0.133858
vn 0.19685 -0.968504 0.133858
vn 0.19685 -0.968504 0.133858
vn 0.19685 -0.968504 0.133858
vn 0.19685 -0.968504 0.133858
vn 0.19685 -0.968504 0.133858
vn 0.19685 -0.968504 0.133858
vn 0.19685 -0.968504 0.133858
vn 0.19685 -0.968504 0.133858
vn 0.19685 -0.968504 0.133858
vn 0.19685 -0.968504 0.133858
vn 0.19685 -0.968504 0.133858
vn 0.19685 -0.968504 0.133858
vn 0.19685 -0.968504 0.133858
vn 0.19685 -0.968504 0.133858
vn 0.19685 -0.968504 0.133858
vn 0.19685 -0.968504 0.133858
vn 0.19685 -0.968504 0.133858
vn 0.19685 -0.968504 0.133858
vn 0.19685 -0.968504 0.133858
vn 0.19685 -0.968504 0.133858
vn 0.19685 -0.968504 0.133858
vn 0.19685 -0.968504 0.133858
vn 0.23622 -0.968504 0.03937
vn 0.23622 -0.968504 0.03937
vn 0.23622 -0.968504 0.03937
vn 0.23622 -0.968504 0.03937
vn 0.23622 -0.968504 0.03937
vn 0.23622 -0.968504 0.03937
vn -0.677165 0.677165 0.275591
vn -0.677165 0.677165 0.275591
vn -0.677165 0.677165 0.275591
vn -0.677165 0.677165 0.275591
vn -0.677165 0.677165 0.275591
vn -0.677165 0.677165 0.275591
vn -0.275591 0.677165 0.677165
vn -0.275591 0.677165 0.677165
vn -0.275591 0.677165 0.677165
vn -0.275591 0.677165 0.677165
vn -0.275591 0.677165 0.677165
vn -0.275591 0.677165 0.677165
vn -0.275591 0.677165 0.677165
vn -0.275591 0.677165 0.677165
vn -0.275591 0.677165 0.677165
vn 0.275591 0.677165 0.677165
vn 0.275591 0.677165 0.677165
vn 0.275591 0.677165 0.677165
vn 0.275591 0.677165 0.677165
vn 0.275591 0.677165 0.677165
vn 0.275591 0.677165 0.677165
vn 0.275591 0.677165 0.677165
vn 0.275591 0.677165 0.677165
vn 0.275591 0.677165 0.677165
vn 0.677165 0.677165 0.275591
vn 0.677165 0.677165 0.275591
vn 0.677165 0.677165 0.275591
vn 0.677165 0.677165 0.275591
vn 0.677165 0.677165 0.275591
vn 0.677165 0.677165 0.275591
vn 0.677165 0.677165 0.275591
vn 0.677165 0.677165 0.275591
vn 0.677165 0.677165 0.275591
vn 0.677165 0.677165 -0.275591
vn 0.677165 0.677165 -0.275591
vn 0.677165 0.677165 -0.275591
vn 0.677165 0.677165 -0.275591
vn 0.677165 0.677165 -0.275591
vn 0.677165 0.677165 -0.275591
vn 0.677165 0.677165 -0.275591
vn 0.677165 0.677165 -0.275591
vn 0.677165 0.677165 -0.275591
vn 0.275591 0.677165 -0.677165
vn 0.275591 0.677165 -0.677165
vn 0.275591 0.677165 -0.677165
vn 0.275591 0.677165 -0.677165
vn 0.275591 0.677165 -0.677165
vn 0.275591 0.677165 -0.677165
vn 0.275591 0.677165 -0.677165
vn 0.275591 0.677165 -0.677165
vn 0.275591 0.677165 -0.677165
vn -0.275591 0.677165 -0.677165
vn -0.275591 0.677165 -0.677165
vn -0.275591 0.677165 -0.677165
vn -0.275591 0.677165 -0.677165
vn -0.275591 0.677165 -0.677165
vn -0.275591 0.677165 -0.677165
vn -0.275591 0.677165 -0.677165
vn -0.275591 0.677165 -0.677165
vn -0.275591 0.677165 -0.677165
vn -0.677165 0.677165 -0.275591
vn -0.677165 0.677165 -0.275591
vn -0.677165 0.677165 -0.275591
vn -0.677165 0.677165 -0.275591
vn -0.677165 0.677165 -0.275591
vn -0.677165 0.677165 -0.275591
g surface0
usemtl [SpatialMaterial:70768]
f 3/3/3 2/2/2 1/1/1
f 6/6/6 5/5/5 4/4/4
f 9/9/9 8/8/8 7/7/7
f 12/12/12 11/11/11 10/10/10
f 15/15/15 14/14/14 13/13/13
f 18/18/18 17/17/17 16/16/16
f 21/21/21 20/20/20 19/19/19
f 24/24/24 23/23/23 22/22/22
f 27/27/27 26/26/26 25/25/25
f 30/30/30 29/29/29 28/28/28
f 33/33/33 32/32/32 31/31/31
f 36/36/36 35/35/35 34/34/34
f 39/39/39 38/38/38 37/37/37
f 42/42/42 41/41/41 40/40/40
f 45/45/45 44/44/44 43/43/43
f 48/48/48 47/47/47 46/46/46
f 51/51/51 50/50/50 49/49/49
f 54/54/54 53/53/53 52/52/52
f 57/57/57 56/56/56 55/55/55
f 60/60/60 59/59/59 58/58/58
f 63/63/63 62/62/62 61/61/61
f 66/66/66 65/65/65 64/64/64
f 69/69/69 68/68/68 67/67/67
f 72/72/72 71/71/71 70/70/70
f 75/75/75 74/74/74 73/73/73
f 78/78/78 77/77/77 76/76/76
f 81/81/81 80/80/80 79/79/79
f 84/84/84 83/83/83 82/82/82
f 87/87/87 86/86/86 85/85/85
f 90/90/90 89/89/89 88/88/88
f 93/93/93 92/92/92 91/91/91
f 96/96/96 95/95/95 94/94/94
f 99/99/99 98/98/98 97/97/97
f 102/102/102 101/101/101 100/100/100
f 105/105/105 104/104/104 103/103/103
f 108/108/108 107/107/107 106/106/106
f 111/111/111 110/110/110 109/109/109
f 114/114/114 113/113/113 112/112/112
f 117/117/117 116/116/116 115/115/115
f 120/120/120 119/119/119 118/118/118
f 123/123/123 122/122/122 121/121/121
f 126/126/126 125/125/125 124/124/124
f 129/129/129 128/128/128 127/127/127
f 132/132/132 131/131/131 130/130/130
f 135/135/135 134/134/134 133/133/133
f 138/138/138 137/137/137 136/136/136
f 141/141/141 140/140/140 139/139/139
f 144/144/144 143/143/143 142/142/142
f 147/147/147 146/146/146 145/145/145
f 150/150/150 149/149/149 148/148/148
f 153/153/153 152/152/152 151/151/151
f 156/156/156 155/155/155 154/154/154
f 159/159/159 158/158/158 157/157/157
f 162/162/162 161/161/161 160/160/160
f 165/165/165 164/164/164 163/163/163
f 168/168/168 167/167/167 166/166/166
f 171/171/171 170/170/170 169/169/169
f 174/174/174 173/173/173 172/172/172
f 177/177/177 176/176/176 175/175/175
f 180/180/180 179/179/179 178/178/178
f 183/183/183 182/182/182 181/181/181
f 186/186/186 185/185/185 184/184/184
f 189/189/189 188/188/188 187/187/187
f 192/192/192 191/191/191 190/190/190
f 195/195/195 194/194/194 193/193/193
f 198/198/198 197/197/197 196/196/196
f 201/201/201 200/200/200 199/199/199
f 204/204/204 203/203/203 202/202/202
f 207/207/207 206/206/206 205/205/205
f 210/210/210 209/209/209 208/208/208
f 213/213/213 212/212/212 211/211/211
f 216/216/216 215/215/215 214/214/214
f 219/219/219 218/218/218 217/217/217
f 222/222/222 221/221/221 220/220/220
f 225/225/225 224/224/224 223/223/223
f 228/228/228 227/227/227 226/226/226
f 231/231/231 230/230/230 229/229/229
f 234/234/234 233/233/233 232/232/232
f 237/237/237 236/236/236 235/235/235
f 240/240/240 239/239/239 238/238/238
f 243/243/243 242/242/242 241/241/241
f 246/246/246 245/245/245 244/244/244
f 249/249/249 248/248/248 247/247/247
f 252/252/252 251/251/251 250/250/250
f 255/255/255 254/254/254 253/253/253
f 258/258/258 257/257/257 256/256/256
f 261/261/261 260/260/260 259/259/259
f 264/264/264 263/263/263 262/262/262
f 267/267/267 266/266/266 265/265/265
f 270/270/270 269/269/269 268/268/268
f 273/273/273 272/272/272 271/271/271
f 276/276/276 275/275/275 274/274/274
f 279/279/279 278/278/278 277/277/277
f 282/282/282 281/281/281 280/280/280
f 285/285/285 284/284/284 283/283/283
f 288/288/288 287/287/287 286/286/286
f 291/291/291 290/290/290 289/289/289
f 294/294/294 293/293/293 292/292/292
f 297/297/297 296/296/296 295/295/295
f 300/300/300 299/299/299 298/298/298
f 303/303/303 302/302/302 301/301/301
f 306/306/306 305/305/305 304/304/304
f 309/309/309 308/308/308 307/307/307
f 312/312/312 311/311/311 310/310/310
f 315/315/315 314/314/314 313/313/313
f 318/318/318 317/317/317 316/316/316
f 321/321/321 320/320/320 319/319/319
f 324/324/324 323/323/323 322/322/322
f 327/327/327 326/326/326 325/325/325
f 330/330/330 329/329/329 328/328/328
f 333/333/333 332/332/332 331/331/331
f 336/336/336 335/335/335 334/334/334
f 339/339/339 338/338/338 337/337/337
f 342/342/342 341/341/341 340/340/340
f 345/345/345 344/344/344 343/343/343
f 348/348/348 347/347/347 346/346/346
f 351/351/351 350/350/350 349/349/349
f 354/354/354 353/353/353 352/352/352
f 357/357/357 356/356/356 355/355/355
f 360/360/360 359/359/359 358/358/358
f 363/363/363 362/362/362 361/361/361
f 366/366/366 365/365/365 364/364/364
f 369/369/369 368/368/368 367/367/367
f 372/372/372 371/371/371 370/370/370
f 375/375/375 374/374/374 373/373/373
f 378/378/378 377/377/377 376/376/376
f 381/381/381 380/380/380 379/379/379
f 384/384/384 383/383/383 382/382/382
f 387/387/387 386/386/386 385/385/385
f 390/390/390 389/389/389 388/388/388
f 393/393/393 392/392/392 391/391/391
f 396/396/396 395/395/395 394/394/394
f 399/399/399 398/398/398 397/397/397
f 402/402/402 401/401/401 400/400/400
f 405/405/405 404/404/404 403/403/403
f 408/408/408 407/407/407 406/406/406
f 411/411/411 410/410/410 409/409/409
f 414/414/414 413/413/413 412/412/412
f 417/417/417 416/416/416 415/415/415
f 420/420/420 419/419/419 418/418/418
f 423/423/423 422/422/422 421/421/421
f 426/426/426 425/425/425 424/424/424
f 429/429/429 428/428/428 427/427/427
f 432/432/432 431/431/431 430/430/430
f 435/435/435 434/434/434 433/433/433
f 438/438/438 437/437/437 436/436/436
f 441/441/441 440/440/440 439/439/439
f 444/444/444 443/443/443 442/442/442
f 447/447/447 446/446/446 445/445/445
f 450/450/450 449/449/449 448/448/448
f 453/453/453 452/452/452 451/451/451
f 456/456/456 455/455/455 454/454/454
f 459/459/459 458/458/458 457/457/457
f 462/462/462 461/461/461 460/460/460
f 465/465/465 464/464/464 463/463/463
f 468/468/468 467/467/467 466/466/466
f 471/471/471 470/470/470 469/469/469
f 474/474/474 473/473/473 472/472/472
f 477/477/477 476/476/476 475/475/475
f 480/480/480 479/479/479 478/478/478
f 483/483/483 482/482/482 481/481/481
f 486/486/486 485/485/485 484/484/484
f 489/489/489 488/488/488 487/487/487
f 492/492/492 491/491/491 490/490/490
f 495/495/495 494/494/494 493/493/493
f 498/498/498 497/497/497 496/496/496
f 501/501/501 500/500/500 499/499/499
f 504/504/504 503/503/503 502/502/502
f 507/507/507 506/506/506 505/505/505
f 510/510/510 509/509/509 508/508/508
f 513/513/513 512/512/512 511/511/511
f 516/516/516 515/515/515 514/514/514
f 519/519/519 518/518/518 517/517/517
f 522/522/522 521/521/521 520/520/520
f 525/525/525 524/524/524 523/523/523
f 528/528/528 527/527/527 526/526/526
f 531/531/531 530/530/530 529/529/529
f 534/534/534 533/533/533 532/532/532
f 537/537/537 536/536/536 535/535/535
f 540/540/540 539/539/539 538/538/538
f 543/543/543 542/542/542 541/541/541
f 546/546/546 545/545/545 544/544/544
f 549/549/549 548/548/548 547/547/547
f 552/552/552 551/551/551 550/550/550
f 555/555/555 554/554/554 553/553/553
f 558/558/558 557/557/557 556/556/556
f 561/561/561 560/560/560 559/559/559
f 564/564/564 563/563/563 562/562/562
f 567/567/567 566/566/566 565/565/565
f 570/570/570 569/569/569 568/568/568
f 573/573/573 572/572/572 571/571/571
f 576/576/576 575/575/575 574/574/574
f 579/579/579 578/578/578 577/577/577
f 582/582/582 581/581/581 580/580/580
f 585/585/585 584/584/584 583/583/583
f 588/588/588 587/587/587 586/586/586
f 591/591/591 590/590/590 589/589/589
f 594/594/594 593/593/593 592/592/592
f 597/597/597 596/596/596 595/595/595
f 600/600/600 599/599/599 598/598/598
f 603/603/603 602/602/602 601/601/601
f 606/606/606 605/605/605 604/604/604
f 609/609/609 608/608/608 607/607/607
f 612/612/612 611/611/611 610/610/610
f 615/615/615 614/614/614 613/613/613
f 618/618/618 617/617/617 616/616/616
f 621/621/621 620/620/620 619/619/619
f 624/624/624 623/623/623 622/622/622
f 627/627/627 626/626/626 625/625/625
f 630/630/630 629/629/629 628/628/628
f 633/633/633 632/632/632 631/631/631
f 636/636/636 635/635/635 634/634/634
f 639/639/639 638/638/638 637/637/637
f 642/642/642 641/641/641 640/640/640
f 645/645/645 644/644/644 643/643/643
f 648/648/648 647/647/647 646/646/646
f 651/651/651 650/650/650 649/649/649
f 654/654/654 653/653/653 652/652/652
f 657/657/657 656/656/656 655/655/655
f 660/660/660 659/659/659 658/658/658
f 663/663/663 662/662/662 661/661/661
f 666/666/666 665/665/665 664/664/664
f 669/669/669 668/668/668 667/667/667
f 672/672/672 671/671/671 670/670/670
f 675/675/675 674/674/674 673/673/673
f 678/678/678 677/677/677 676/676/676
f 681/681/681 680/680/680 679/679/679
f 684/684/684 683/683/683 682/682/682
f 687/687/687 686/686/686 685/685/685
f 690/690/690 689/689/689 688/688/688
f 693/693/693 692/692/692 691/691/691
f 696/696/696 695/695/695 694/694/694
f 699/699/699 698/698/698 697/697/697
f 702/702/702 701/701/701 700/700/700
f 705/705/705 704/704/704 703/703/703
f 708/708/708 707/707/707 706/706/706
f 711/711/711 710/710/710 709/709/709
f 714/714/714 713/713/713 712/712/712
f 717/717/717 716/716/716 715/715/715
f 720/720/720 719/719/719 718/718/718
f 723/723/723 722/722/722 721/721/721
f 726/726/726 725/725/725 724/724/724
f 729/729/729 728/728/728 727/727/727
f 732/732/732 731/731/731 730/730/730
f 735/735/735 734/734/734 733/733/733
f 738/738/738 737/737/737 736/736/736
f 741/741/741 740/740/740 739/739/739
f 744/744/744 743/743/743 742/742/742
f 747/747/747 746/746/746 745/745/745
f 750/750/750 749/749/749 748/748/748
f 753/753/753 752/752/752 751/751/751
f 756/756/756 755/755/755 754/754/754
f 759/759/759 758/758/758 757/757/757
f 762/762/762 761/761/761 760/760/760
f 765/765/765 764/764/764 763/763/763
f 768/768/768 767/767/767 766/766/766
f 771/771/771 770/770/770 769/769/769
f 774/774/774 773/773/773 772/772/772
f 777/777/777 776/776/776 775/775/775
f 780/780/780 779/779/779 778/778/778
f 783/783/783 782/782/782 781/781/781
f 786/786/786 785/785/785 784/784/784
f 789/789/789 788/788/788 787/787/787
f 792/792/792 791/791/791 790/790/790
f 795/795/795 794/794/794 793/793/793
f 798/798/798 797/797/797 796/796/796
f 801/801/801 800/800/800 799/799/799
f 804/804/804 803/803/803 802/802/802
f 807/807/807 806/806/806 805/805/805
f 810/810/810 809/809/809 808/808/808
f 813/813/813 812/812/812 811/811/811
f 816/816/816 815/815/815 814/814/814
f 819/819/819 818/818/818 817/817/817
f 822/822/822 821/821/821 820/820/820
f 825/825/825 824/824/824 823/823/823
f 828/828/828 827/827/827 826/826/826
f 831/831/831 830/830/830 829/829/829
f 834/834/834 833/833/833 832/832/832
f 837/837/837 836/836/836 835/835/835
f 840/840/840 839/839/839 838/838/838
f 843/843/843 842/842/842 841/841/841
f 846/846/846 845/845/845 844/844/844
f 849/849/849 848/848/848 847/847/847
f 852/852/852 851/851/851 850/850/850
f 855/855/855 854/854/854 853/853/853
f 858/858/858 857/857/857 856/856/856
f 861/861/861 860/860/860 859/859/859
f 864/864/864 863/863/863 862/862/862
f 867/867/867 866/866/866 865/865/865
f 870/870/870 869/869/869 868/868/868
f 873/873/873 872/872/872 871/871/871
f 876/876/876 875/875/875 874/874/874
f 879/879/879 878/878/878 877/877/877
f 882/882/882 881/881/881 880/880/880
f 885/885/885 884/884/884 883/883/883
f 888/888/888 887/887/887 886/886/886
f 891/891/891 890/890/890 889/889/889
f 894/894/894 893/893/893 892/892/892
f 897/897/897 896/896/896 895/895/895
f 900/900/900 899/899/899 898/898/898
f 903/903/903 902/902/902 901/901/901
f 906/906/906 905/905/905 904/904/904
f 909/909/909 908/908/908 907/907/907
f 912/912/912 911/911/911 910/910/910
f 915/915/915 914/914/914 913/913/913
f 918/918/918 917/917/917 916/916/916
f 921/921/921 920/920/920 919/919/919
f 924/924/924 923/923/923 922/922/922
f 927/927/927 926/926/926 925/925/925
f 930/930/930 929/929/929 928/928/928
f 933/933/933 932/932/932 931/931/931
f 936/936/936 935/935/935 934/934/934
f 939/939/939 938/938/938 937/937/937
f 942/942/942 941/941/941 940/940/940
f 945/945/945 944/944/944 943/943/943
f 948/948/948 947/947/947 946/946/946
f 951/951/951 950/950/950 949/949/949
f 954/954/954 953/953/953 952/952/952
f 957/957/957 956/956/956 955/955/955
f 960/960/960 959/959/959 958/958/958
f 963/963/963 962/962/962 961/961/961
f 966/966/966 965/965/965 964/964/964
f 969/969/969 968/968/968 967/967/967
f 972/972/972 971/971/971 970/970/970
f 975/975/975 974/974/974 973/973/973
f 978/978/978 977/977/977 976/976/976
f 981/981/981 980/980/980 979/979/979
f 984/984/984 983/983/983 982/982/982
f 987/987/987 986/986/986 985/985/985
f 990/990/990 989/989/989 988/988/988
f 993/993/993 992/992/992 991/991/991
f 996/996/996 995/995/995 994/994/994
f 999/999/999 998/998/998 997/997/997
f 1002/1002/1002 1001/1001/1001 1000/1000/1000
f 1005/1005/1005 1004/1004/1004 1003/1003/1003
f 1008/1008/1008 1007/1007/1007 1006/1006/1006
f 1011/1011/1011 1010/1010/1010 1009/1009/1009
f 1014/1014/1014 1013/1013/1013 1012/1012/1012
f 1017/1017/1017 1016/1016/1016 1015/1015/1015
f 1020/1020/1020 1019/1019/1019 1018/1018/1018
f 1023/1023/1023 1022/1022/1022 1021/1021/1021
f 1026/1026/1026 1025/1025/1025 1024/1024/1024
f 1029/1029/1029 1028/1028/1028 1027/1027/1027
f 1032/1032/1032 1031/1031/1031 1030/1030/1030
f 1035/1035/1035 1034/1034/1034 1033/1033/1033
f 1038/1038/1038 1037/1037/1037 1036/1036/1036
f 1041/1041/1041 1040/1040/1040 1039/1039/1039
f 1044/1044/1044 1043/1043/1043 1042/1042/1042
f 1047/1047/1047 1046/1046/1046 1045/1045/1045
f 1050/1050/1050 1049/1049/1049 1048/1048/1048
f 1053/1053/1053 1052/1052/1052 1051/1051/1051
f 1056/1056/1056 1055/1055/1055 1054/1054/1054
f 1059/1059/1059 1058/1058/1058 1057/1057/1057
f 1062/1062/1062 1061/1061/1061 1060/1060/1060
f 1065/1065/1065 1064/1064/1064 1063/1063/1063
f 1068/1068/1068 1067/1067/1067 1066/1066/1066
f 1071/1071/1071 1070/1070/1070 1069/1069/1069
f 1074/1074/1074 1073/1073/1073 1072/1072/1072
f 1077/1077/1077 1076/1076/1076 1075/1075/1075
f 1080/1080/1080 1079/1079/1079 1078/1078/1078
f 1083/1083/1083 1082/1082/1082 1081/1081/1081
f 1086/1086/1086 1085/1085/1085 1084/1084/1084
f 1089/1089/1089 1088/1088/1088 1087/1087/1087
f 1092/1092/1092 1091/1091/1091 1090/1090/1090
f 1095/1095/1095 1094/1094/1094 1093/1093/1093
f 1098/1098/1098 1097/1097/1097 1096/1096/1096
f 1101/1101/1101 1100/1100/1100 1099/1099/1099
f 1104/1104/1104 1103/1103/1103 1102/1102/1102
f 1107/1107/1107 1106/1106/1106 1105/1105/1105
f 1110/1110/1110 1109/1109/1109 1108/1108/1108
f 1113/1113/1113 1112/1112/1112 1111/1111/1111
f 1116/1116/1116 1115/1115/1115 1114/1114/1114
f 1119/1119/1119 1118/1118/1118 1117/1117/1117
f 1122/1122/1122 1121/1121/1121 1120/1120/1120
f 1125/1125/1125 1124/1124/1124 1123/1123/1123
f 1128/1128/1128 1127/1127/1127 1126/1126/1126
f 1131/1131/1131 1130/1130/1130 1129/1129/1129
f 1134/1134/1134 1133/1133/1133 1132/1132/1132
f 1137/1137/1137 1136/1136/1136 1135/1135/1135
f 1140/1140/1140 1139/1139/1139 1138/1138/1138
f 1143/1143/1143 1142/1142/1142 1141/1141/1141
f 1146/1146/1146 1145/1145/1145 1144/1144/1144
f 1149/1149/1149 1148/1148/1148 1147/1147/1147
f 1152/1152/1152 1151/1151/1151 1150/1150/1150
f 1155/1155/1155 1154/1154/1154 1153/1153/1153
f 1158/1158/1158 1157/1157/1157 1156/1156/1156
f 1161/1161/1161 1160/1160/1160 1159/1159/1159
f 1164/1164/1164 1163/1163/1163 1162/1162/1162
f 1167/1167/1167 1166/1166/1166 1165/1165/1165
f 1170/1170/1170 1169/1169/1169 1168/1168/1168
f 1173/1173/1173 1172/1172/1172 1171/1171/1171
f 1176/1176/1176 1175/1175/1175 1174/1174/1174
f 1179/1179/1179 1178/1178/1178 1177/1177/1177
f 1182/1182/1182 1181/1181/1181 1180/1180/1180
f 1185/1185/1185 1184/1184/1184 1183/1183/1183
f 1188/1188/1188 1187/1187/1187 1186/1186/1186
f 1191/1191/1191 1190/1190/1190 1189/1189/1189
f 1194/1194/1194 1193/1193/1193 1192/1192/1192
f 1197/1197/1197 1196/1196/1196 1195/1195/1195
f 1200/1200/1200 1199/1199/1199 1198/1198/1198
f 1203/1203/1203 1202/1202/1202 1201/1201/1201
f 1206/1206/1206 1205/1205/1205 1204/1204/1204
f 1209/1209/1209 1208/1208/1208 1207/1207/1207
f 1212/1212/1212 1211/1211/1211 1210/1210/1210
f 1215/1215/1215 1214/1214/1214 1213/1213/1213
f 1218/1218/1218 1217/1217/1217 1216/1216/1216
f 1221/1221/1221 1220/1220/1220 1219/1219/1219
f 1224/1224/1224 1223/1223/1223 1222/1222/1222
f 1227/1227/1227 1226/1226/1226 1225/1225/1225
f 1230/1230/1230 1229/1229/1229 1228/1228/1228
f 1233/1233/1233 1232/1232/1232 1231/1231/1231
f 1236/1236/1236 1235/1235/1235 1234/1234/1234
f 1239/1239/1239 1238/1238/1238 1237/1237/1237
f 1242/1242/1242 1241/1241/1241 1240/1240/1240
f 1245/1245/1245 1244/1244/1244 1243/1243/1243
f 1248/1248/1248 1247/1247/1247 1246/1246/1246
f 1251/1251/1251 1250/1250/1250 1249/1249/1249
f 1254/1254/1254 1253/1253/1253 1252/1252/1252
f 1257/1257/1257 1256/1256/1256 1255/1255/1255
f 1260/1260/1260 1259/1259/1259 1258/1258/1258
f 1263/1263/1263 1262/1262/1262 1261/1261/1261
f 1266/1266/1266 1265/1265/1265 1264/1264/1264
f 1269/1269/1269 1268/1268/1268 1267/1267/1267
f 1272/1272/1272 1271/1271/1271 1270/1270/1270
f 1275/1275/1275 1274/1274/1274 1273/1273/1273
f 1278/1278/1278 1277/1277/1277 1276/1276/1276
f 1281/1281/1281 1280/1280/1280 1279/1279/1279
f 1284/1284/1284 1283/1283/1283 1282/1282/1282
f 1287/1287/1287 1286/1286/1286 1285/1285/1285
f 1290/1290/1290 1289/1289/1289 1288/1288/1288
f 1293/1293/1293 1292/1292/1292 1291/1291/1291
f 1296/1296/1296 1295/1295/1295 1294/1294/1294
f 1299/1299/1299 1298/1298/1298 1297/1297/1297
f 1302/1302/1302 1301/1301/1301 1300/1300/1300
f 1305/1305/1305 1304/1304/1304 1303/1303/1303
f 1308/1308/1308 1307/1307/1307 1306/1306/1306
f 1311/1311/1311 1310/1310/1310 1309/1309/1309
f 1314/1314/1314 1313/1313/1313 1312/1312/1312
f 1317/1317/1317 1316/1316/1316 1315/1315/1315
f 1320/1320/1320 1319/1319/1319 1318/1318/1318
f 1323/1323/1323 1322/1322/1322 1321/1321/1321
f 1326/1326/1326 1325/1325/1325 1324/1324/1324
f 1329/1329/1329 1328/1328/1328 1327/1327/1327
f 1332/1332/1332 1331/1331/1331 1330/1330/1330
f 1335/1335/1335 1334/1334/1334 1333/1333/1333
f 1338/1338/1338 1337/1337/1337 1336/1336/1336
f 1341/1341/1341 1340/1340/1340 1339/1339/1339
f 1344/1344/1344 1343/1343/1343 1342/1342/1342
f 1347/1347/1347 1346/1346/1346 1345/1345/1345
f 1350/1350/1350 1349/1349/1349 1348/1348/1348
f 1353/1353/1353 1352/1352/1352 1351/1351/1351
f 1356/1356/1356 1355/1355/1355 1354/1354/1354
f 1359/1359/1359 1358/1358/1358 1357/1357/1357
f 1362/1362/1362 1361/1361/1361 1360/1360/1360
f 1365/1365/1365 1364/1364/1364 1363/1363/1363
f 1368/1368/1368 1367/1367/1367 1366/1366/1366
f 1371/1371/1371 1370/1370/1370 1369/1369/1369
f 1374/1374/1374 1373/1373/1373 1372/1372/1372
f 1377/1377/1377 1376/1376/1376 1375/1375/1375
f 1380/1380/1380 1379/1379/1379 1378/1378/1378
f 1383/1383/1383 1382/1382/1382 1381/1381/1381
f 1386/1386/1386 1385/1385/1385 1384/1384/1384
f 1389/1389/1389 1388/1388/1388 1387/1387/1387
f 1392/1392/1392 1391/1391/1391 1390/1390/1390
f 1395/1395/1395 1394/1394/1394 1393/1393/1393
f 1398/1398/1398 1397/1397/1397 1396/1396/1396
f 1401/1401/1401 1400/1400/1400 1399/1399/1399
f 1404/1404/1404 1403/1403/1403 1402/1402/1402
f 1407/1407/1407 1406/1406/1406 1405/1405/1405
f 1410/1410/1410 1409/1409/1409 1408/1408/1408
f 1413/1413/1413 1412/1412/1412 1411/1411/1411
f 1416/1416/1416 1415/1415/1415 1414/1414/1414
f 1419/1419/1419 1418/1418/1418 1417/1417/1417
f 1422/1422/1422 1421/1421/1421 1420/1420/1420
f 1425/1425/1425 1424/1424/1424 1423/1423/1423
f 1428/1428/1428 1427/1427/1427 1426/1426/1426
f 1431/1431/1431 1430/1430/1430 1429/1429/1429
f 1434/1434/1434 1433/1433/1433 1432/1432/1432
f 1437/1437/1437 1436/1436/1436 1435/1435/1435
f 1440/1440/1440 1439/1439/1439 1438/1438/1438
f 1443/1443/1443 1442/1442/1442 1441/1441/1441
f 1446/1446/1446 1445/1445/1445 1444/1444/1444
f 1449/1449/1449 1448/1448/1448 1447/1447/1447
f 1452/1452/1452 1451/1451/1451 1450/1450/1450
f 1455/1455/1455 1454/1454/1454 1453/1453/1453
f 1458/1458/1458 1457/1457/1457 1456/1456/1456
f 1461/1461/1461 1460/1460/1460 1459/1459/1459
f 1464/1464/1464 1463/1463/1463 1462/1462/1462
f 1467/1467/1467 1466/1466/1466 1465/1465/1465
f 1470/1470/1470 1469/1469/1469 1468/1468/1468
f 1473/1473/1473 1472/1472/1472 1471/1471/1471
f 1476/1476/1476 1475/1475/1475 1474/1474/1474
f 1479/1479/1479 1478/1478/1478 1477/1477/1477
f 1482/1482/1482 1481/1481/1481 1480/1480/1480
f 1485/1485/1485 1484/1484/1484 1483/1483/1483
f 1488/1488/1488 1487/1487/1487 1486/1486/1486
f 1491/1491/1491 1490/1490/1490 1489/1489/1489
f 1494/1494/1494 1493/1493/1493 1492/1492/1492
f 1497/1497/1497 1496/1496/1496 1495/1495/1495
f 1500/1500/1500 1499/1499/1499 1498/1498/1498
f 1503/1503/1503 1502/1502/1502 1501/1501/1501
f 1506/1506/1506 1505/1505/1505 1504/1504/1504
f 1509/1509/1509 1508/1508/1508 1507/1507/1507
f 1512/1512/1512 1511/1511/1511 1510/1510/1510
f 1515/1515/1515 1514/1514/1514 1513/1513/1513
